-- phpMyAdmin SQL Dump
-- version 4.7.0
-- https://www.phpmyadmin.net/
--
-- Host: 127.0.0.1
-- Generation Time: Mar 23, 2018 at 01:18 PM
-- Server version: 10.1.22-MariaDB
-- PHP Version: 7.1.4

SET SQL_MODE = "NO_AUTO_VALUE_ON_ZERO";
SET AUTOCOMMIT = 0;
START TRANSACTION;
SET time_zone = "+00:00";


/*!40101 SET @OLD_CHARACTER_SET_CLIENT=@@CHARACTER_SET_CLIENT */;
/*!40101 SET @OLD_CHARACTER_SET_RESULTS=@@CHARACTER_SET_RESULTS */;
/*!40101 SET @OLD_COLLATION_CONNECTION=@@COLLATION_CONNECTION */;
/*!40101 SET NAMES utf8mb4 */;

--
-- Database: `aliya`
--

-- --------------------------------------------------------

--
-- Table structure for table `customers`
--

CREATE TABLE `customers` (
  `id` int(11) NOT NULL,
  `user_id` int(11) NOT NULL,
  `seller_id` int(11) NOT NULL,
  `gallery_id` int(11) NOT NULL,
  `name` varchar(45) DEFAULT NULL,
  `address` varchar(255) DEFAULT NULL,
  `phone_number` varchar(64) DEFAULT NULL,
  `created_at` timestamp NULL DEFAULT NULL,
  `updated_at` timestamp NULL DEFAULT NULL,
  `deleted_at` datetime DEFAULT NULL
) ENGINE=InnoDB DEFAULT CHARSET=utf8;

--
-- Dumping data for table `customers`
--

INSERT INTO `customers` (`id`, `user_id`, `seller_id`, `gallery_id`, `name`, `address`, `phone_number`, `created_at`, `updated_at`, `deleted_at`) VALUES
(3, 13, 1, 1, 'Risman Faris', 'Gg Rulita', '083896928701', '2017-11-17 00:30:05', '2017-12-20 02:08:41', NULL),
(4, 30, 1, 1, 'Lukman Firdaus', 'gadog', '087777284664', '2017-12-03 06:01:20', '2018-01-23 02:15:36', NULL),
(5, 31, 1, 1, 'Maulana Yusuf', 'kp cisarua dalam. ds kopo cisarua bogor', '085888814002', '2017-12-20 01:24:28', '2018-01-23 02:15:55', NULL),
(6, 32, 1, 1, 'Dodi Kusnadi', 'gadog', '081519353738', '2017-12-20 01:26:29', '2018-01-23 02:16:14', NULL),
(7, 33, 1, 1, 'Hermanto', 'gn putri', '081380861533', '2017-12-20 01:59:44', '2018-01-23 02:16:30', NULL),
(8, 34, 1, 1, 'Muhamad Baqier', 'ciomas asri bogor', '08111005721', '2017-12-20 02:01:32', '2018-01-23 02:16:49', NULL),
(9, 35, 1, 1, 'Deni Apriana', 'tipar ciawi', '085781789575', '2017-12-20 02:07:38', '2018-01-23 02:17:08', NULL),
(10, 36, 1, 1, 'Asep Revan', 'gadog', '0895349166075', '2017-12-20 02:12:51', '2018-01-23 02:17:31', NULL),
(11, 37, 1, 1, 'Herman Eve', 'gadog', '085817283773', '2017-12-20 02:15:20', '2018-01-23 02:17:52', NULL),
(12, 38, 1, 1, 'Ahmad Suhada', 'cikaret', '085777749391', '2017-12-20 02:16:39', '2018-01-23 02:18:08', NULL),
(13, 39, 1, 1, 'Ncep', 'bogor', '08985656984', '2017-12-20 02:19:02', '2018-01-23 02:18:23', NULL),
(14, 19, 1, 1, 'lina lidia', 'seuseupan kaum ciawi', '085697564323', '2017-12-20 02:20:28', '2017-12-20 02:20:28', NULL),
(15, 20, 1, 1, 'nurhaeni', 'cigombong bogor', '08999113756', '2017-12-20 02:21:49', '2017-12-20 02:21:49', NULL),
(16, 21, 1, 1, 'teh uni', 'katulampa', '085781680175', '2017-12-20 02:23:48', '2017-12-20 02:23:48', NULL),
(17, 22, 1, 1, 'siti julaeha', 'gadog', '251502', '2017-12-20 02:25:24', '2017-12-20 02:25:24', NULL),
(18, 23, 1, 1, 'saidina nawawi', 'warung nangka', '085785263322', '2017-12-20 02:27:41', '2017-12-20 02:27:41', NULL),
(19, 24, 1, 1, 'mas kelik', 'warung nangka', '085716460291', '2017-12-20 02:29:24', '2017-12-20 02:29:24', NULL),
(20, 25, 1, 1, 'Mad soleh', 'Gadog', '085692855179', '2017-12-28 10:46:38', '2017-12-28 10:46:38', NULL),
(21, 27, 1, 1, 'abdul halim', 'cicurug', '081282849015', '2018-01-08 22:10:54', '2018-01-08 22:10:54', NULL),
(22, 28, 1, 1, 'rudi relawan', 'cilibende bogor', '089614538767', '2018-01-08 22:12:10', '2018-01-08 22:12:10', NULL),
(23, 29, 1, 1, 'ramadhani', 'ciburayut', '085773166693', '2018-01-08 22:13:39', '2018-01-08 22:13:39', NULL),
(24, 40, 1, 1, 'TEH HENI', '-', '-', '2018-01-24 01:25:46', '2018-01-24 01:25:46', NULL),
(25, 41, 1, 1, 'TEH SYIFA', '-', '-', '2018-01-24 01:27:42', '2018-01-24 01:27:42', NULL),
(26, 42, 1, 1, 'Razies', 'bogor', '087720259813', '2018-01-24 09:23:00', '2018-01-24 09:23:00', NULL),
(27, 43, 1, 1, 'om zami', 'lolongok bogor', '081290018699', '2018-01-25 05:21:20', '2018-01-25 05:21:20', NULL),
(28, 44, 1, 1, 'bilson', 'sbj bogor', '08986674007', '2018-01-25 05:26:55', '2018-01-25 05:26:55', NULL),
(29, 45, 1, 1, 'Bu Dewi', 'komp Taman Kencana Bogor', '087770012133', '2018-01-25 05:29:16', '2018-01-25 05:29:16', NULL),
(30, 46, 1, 1, 'Yuni', 'ciawi', '085881043530', '2018-01-31 03:36:09', '2018-01-31 03:36:09', NULL),
(31, 47, 1, 1, 'mang kepoh', 'cilibende bogor', '089614538767', '2018-01-31 03:37:21', '2018-01-31 03:37:21', NULL),
(32, 48, 1, 1, 'TEH DHANI', 'CIBURAYUT', '00', '2018-01-31 03:49:59', '2018-01-31 03:49:59', NULL),
(33, 49, 1, 1, 'koko', 'gg warung seri ciawi', '0857323232', '2018-02-03 07:37:28', '2018-02-03 07:37:28', NULL),
(34, 50, 1, 1, 'aden', 'zamzam ciawi', '085721450190', '2018-02-07 07:28:50', '2018-02-07 07:28:50', NULL),
(35, 52, 1, 1, 'fifit', 'cikaret', '08888', '2018-02-08 08:44:53', '2018-02-08 08:54:35', NULL),
(36, 53, 1, 1, 'pipit', 'cikaret', '08888978654', '2018-02-09 19:05:20', '2018-02-09 19:05:20', NULL),
(37, 54, 1, 1, 'umpad', 'cigombong', '08967888888', '2018-02-13 10:47:10', '2018-02-13 10:47:10', NULL);

-- --------------------------------------------------------

--
-- Table structure for table `daily_orders`
--

CREATE TABLE `daily_orders` (
  `id` int(11) NOT NULL,
  `customer_id` int(11) NOT NULL,
  `seller_id` int(11) NOT NULL,
  `recomendation_date` varchar(45) DEFAULT NULL,
  `order_address` text,
  `created_at` timestamp NULL DEFAULT NULL,
  `updated_at` timestamp NULL DEFAULT NULL,
  `deleted_at` datetime DEFAULT NULL
) ENGINE=InnoDB DEFAULT CHARSET=utf8;

-- --------------------------------------------------------

--
-- Table structure for table `daily_order_details`
--

CREATE TABLE `daily_order_details` (
  `id` int(11) NOT NULL,
  `order_id` int(11) NOT NULL,
  `product_id` int(11) NOT NULL,
  `qty` varchar(45) DEFAULT NULL,
  `price` varchar(45) DEFAULT NULL,
  `status` varchar(45) DEFAULT NULL,
  `created_at` timestamp NULL DEFAULT NULL,
  `updated_at` timestamp NULL DEFAULT NULL,
  `deleted_at` datetime DEFAULT NULL
) ENGINE=InnoDB DEFAULT CHARSET=utf8;

-- --------------------------------------------------------

--
-- Table structure for table `galleries`
--

CREATE TABLE `galleries` (
  `id` int(11) NOT NULL,
  `name` varchar(255) DEFAULT NULL,
  `address` varchar(255) DEFAULT NULL,
  `created_at` timestamp NULL DEFAULT NULL,
  `updated_at` timestamp NULL DEFAULT NULL,
  `deleted_at` datetime DEFAULT NULL
) ENGINE=InnoDB DEFAULT CHARSET=utf8;

--
-- Dumping data for table `galleries`
--

INSERT INTO `galleries` (`id`, `name`, `address`, `created_at`, `updated_at`, `deleted_at`) VALUES
(1, 'BC Wikrama', 'Gg Wikrama', '2017-11-17 00:29:18', '2017-11-17 00:29:18', NULL),
(2, 'BC Icon', 'baranang siang', '2017-12-03 06:02:06', '2017-12-03 06:02:06', NULL);

-- --------------------------------------------------------

--
-- Table structure for table `installments`
--

CREATE TABLE `installments` (
  `id` int(11) NOT NULL,
  `order_id` int(11) NOT NULL,
  `payment_date` date NOT NULL,
  `value` varchar(50) NOT NULL,
  `created_at` timestamp NOT NULL DEFAULT CURRENT_TIMESTAMP ON UPDATE CURRENT_TIMESTAMP,
  `updated_at` timestamp NOT NULL DEFAULT '0000-00-00 00:00:00',
  `deleted_at` datetime DEFAULT NULL
) ENGINE=InnoDB DEFAULT CHARSET=latin1;

--
-- Dumping data for table `installments`
--

INSERT INTO `installments` (`id`, `order_id`, `payment_date`, `value`, `created_at`, `updated_at`, `deleted_at`) VALUES
(1, 6, '2018-03-08', '10000', '2018-03-17 17:59:39', '2018-03-17 17:59:39', NULL);

-- --------------------------------------------------------

--
-- Table structure for table `menus`
--

CREATE TABLE `menus` (
  `id` int(11) NOT NULL,
  `parent_id` int(11) DEFAULT NULL,
  `name` varchar(45) DEFAULT NULL,
  `url` varchar(255) DEFAULT NULL,
  `icon` varchar(45) DEFAULT NULL,
  `created_at` timestamp NULL DEFAULT NULL,
  `updated_at` timestamp NULL DEFAULT NULL,
  `deleted_at` datetime DEFAULT NULL
) ENGINE=InnoDB DEFAULT CHARSET=utf8;

--
-- Dumping data for table `menus`
--

INSERT INTO `menus` (`id`, `parent_id`, `name`, `url`, `icon`, `created_at`, `updated_at`, `deleted_at`) VALUES
(1, NULL, 'Master Data', NULL, 'icon-diamond', '2017-11-10 00:34:05', '2017-11-10 00:34:05', NULL),
(2, 1, 'Supplier', 'suppliers', 'icon-plus', '2017-11-10 01:43:18', '2017-11-10 01:44:32', NULL),
(3, NULL, 'Transaksi', NULL, 'icon-graph', '2017-11-11 21:29:32', '2017-11-11 21:29:32', NULL),
(4, 3, 'Penjualan', 'orders', 'icon-graph', '2017-11-11 21:29:47', '2017-11-11 21:29:47', NULL),
(5, 1, 'Pelanggan', 'customers', 'icon-plus', '2017-11-11 21:31:07', '2017-11-11 21:31:07', NULL),
(6, 1, 'Seller', 'sellers', 'icon-plus', '2017-11-11 23:35:08', '2017-11-12 00:23:44', NULL),
(7, 1, 'Gallery', 'galleries', 'icon-plus', '2017-11-12 00:23:26', '2017-11-12 00:23:26', NULL),
(8, 3, 'Pembelian', 'purchases', 'icon-graph', '2017-12-02 02:20:39', '2017-12-02 02:20:39', NULL),
(9, 1, 'Produk', 'products', 'icon-diamond', '2017-12-03 05:53:37', '2017-12-03 05:53:37', NULL),
(10, 1, 'Kategori Produk', 'product_categories', 'icon-plus', '2017-12-03 06:03:18', '2017-12-03 06:03:18', NULL),
(11, 1, 'Satuan', 'units', 'icon-plus', '2017-12-03 06:03:49', '2017-12-03 06:03:49', NULL),
(12, 1, 'Input siswa', 'asdf', 'icon-plus', '2018-01-14 03:29:35', '2018-01-14 03:29:35', NULL),
(13, 1, 'Form Bulanan', 'daily_orders', 'icon-diamond', '2018-03-18 14:57:14', '2018-03-18 14:57:14', NULL);

-- --------------------------------------------------------

--
-- Table structure for table `orders`
--

CREATE TABLE `orders` (
  `id` int(11) NOT NULL,
  `customer_id` int(11) NOT NULL,
  `seller_id` int(11) NOT NULL,
  `number_invoice` varchar(45) DEFAULT NULL,
  `delivery_date` date DEFAULT NULL,
  `order_date` date DEFAULT NULL,
  `order_address` text,
  `created_at` timestamp NULL DEFAULT NULL,
  `updated_at` timestamp NULL DEFAULT NULL,
  `deleted_at` datetime DEFAULT NULL
) ENGINE=InnoDB DEFAULT CHARSET=utf8;

--
-- Dumping data for table `orders`
--

INSERT INTO `orders` (`id`, `customer_id`, `seller_id`, `number_invoice`, `delivery_date`, `order_date`, `order_address`, `created_at`, `updated_at`, `deleted_at`) VALUES
(6, 3, 1, 'sadf', '2017-11-28', '2017-11-28', 'dsafasdfads', '2017-11-18 11:50:54', '2017-11-19 00:34:50', NULL),
(7, 3, 1, '12321321', '2017-12-27', '2017-12-20', 'sadfsdf', '2017-12-02 04:43:58', '2017-12-02 04:43:58', NULL),
(10, 16, 1, '20171225193341', '2017-12-28', '2017-12-25', 'asdfasdf', '2017-12-25 12:36:47', '2017-12-25 12:36:47', NULL),
(20, 24, 1, '20180124084118', '2018-01-24', '2018-01-23', 'ASDF', '2018-01-24 01:45:01', '2018-01-24 01:45:01', NULL),
(21, 20, 1, '20180124085757', '2018-01-24', '2018-01-23', 'GADOG', '2018-01-24 02:07:05', '2018-01-24 02:07:05', NULL),
(24, 26, 1, '20180124170714', '2018-01-24', '2018-01-23', 'BOGOR', '2018-01-24 10:13:52', '2018-01-24 10:13:52', NULL),
(36, 24, 1, '20180124191415', '2018-01-24', '2018-01-23', 'Cigombong', '2018-01-24 12:16:03', '2018-01-24 12:16:03', NULL),
(37, 27, 1, '20180125122158', '2018-01-25', '2018-01-25', 'lolongok bogor', '2018-01-25 05:24:15', '2018-01-25 05:24:15', NULL),
(38, 21, 2, '20180126100355', '2018-01-26', '2018-01-26', 'mmmm', '2018-01-26 03:05:23', '2018-01-26 03:05:23', NULL),
(39, 29, 1, '20180127125744', '2018-01-27', '2018-01-23', 'COMPLEX TAMAN KENCANA JL TAMPOMAS NO 9', '2018-01-27 06:02:35', '2018-01-27 06:02:35', NULL),
(40, 8, 1, '20180129142925', '2018-01-30', '2018-01-29', 'CIOMAS', '2018-01-29 07:59:08', '2018-01-29 07:59:08', NULL),
(41, 8, 1, '20180129150001', '2018-01-30', '2018-01-29', 'ciomas', '2018-01-29 08:01:17', '2018-01-29 08:01:17', NULL),
(42, 8, 1, '20180129150118', '2018-01-30', '2018-01-29', 'Ciomas', '2018-01-29 08:03:15', '2018-02-13 10:51:18', NULL),
(43, 28, 1, '20180130130501', '2018-01-30', '2018-01-29', 'JAMBU DUA', '2018-01-30 06:07:12', '2018-01-30 06:07:12', NULL),
(44, 30, 1, '20180131103730', '2018-01-31', '2018-01-31', 'ciawi', '2018-01-31 03:39:13', '2018-01-31 03:39:13', NULL),
(45, 31, 1, '20180131103914', '2018-01-31', '2018-01-31', 'CILIBENDE BOGOR', '2018-01-31 03:42:52', '2018-01-31 03:42:52', NULL),
(46, 31, 1, '20180131104253', '2018-01-31', '2018-01-31', 'CILIBENDE BOGOR', '2018-01-31 03:46:10', '2018-01-31 03:46:10', NULL),
(47, 32, 1, '20180131105007', '2018-01-31', '2018-01-30', 'CIBURAYUT', '2018-01-31 03:54:14', '2018-01-31 03:54:14', NULL),
(48, 16, 1, '20180131172603', '2018-01-31', '2018-01-31', 'KATULAMPA', '2018-01-31 10:39:45', '2018-01-31 10:39:45', NULL),
(49, 30, 1, '20180131174414', '2018-01-31', '2018-01-31', 'CIAWI', '2018-01-31 10:48:59', '2018-01-31 10:48:59', NULL),
(50, 5, 1, '20180202170416', '2018-02-02', '2018-02-02', 'LEWIMALANG', '2018-02-02 10:08:36', '2018-02-02 10:08:36', NULL),
(51, 33, 1, '20180203143742', '2018-02-03', '2018-02-02', 'wr seri ciawi', '2018-02-03 07:44:08', '2018-02-03 07:44:08', NULL),
(52, 7, 1, '20180203144409', '2018-02-03', '2018-02-02', 'jl padi bogor', '2018-02-03 07:46:38', '2018-02-03 07:46:38', NULL),
(53, 33, 1, '20180203144852', '2018-02-03', '2018-02-02', 'gg wr seri ciawi', '2018-02-03 07:51:13', '2018-02-03 07:51:13', NULL),
(54, 7, 1, '20180206111858', '2018-02-06', '2018-02-03', 'Bogor', '2018-02-06 04:24:46', '2018-02-06 04:24:46', NULL),
(55, 31, 1, '20180206112446', '2018-02-06', '2018-02-06', 'bogor', '2018-02-06 04:26:25', '2018-02-06 04:26:25', NULL),
(56, 5, 2, '20180207135306', '2018-02-07', '2018-02-06', 'pasir muncang', '2018-02-07 07:07:45', '2018-02-07 07:07:45', NULL),
(57, 7, 1, '20180207141240', '2018-02-06', '2018-02-03', 'jl padi bogor', '2018-02-07 07:22:32', '2018-02-07 07:22:32', NULL),
(58, 34, 1, '20180207144240', '2018-02-07', '2018-02-06', 'zamzam ciawi', '2018-02-07 07:49:54', '2018-02-07 07:49:54', NULL),
(59, 31, 1, '20180208152832', '2018-02-08', '2018-02-07', 'BOGOR', '2018-02-08 08:43:44', '2018-02-08 08:43:44', NULL),
(61, 34, 1, '20180208154810', '2018-02-08', '2018-02-07', 'zamzam ciawi', '2018-02-08 08:49:16', '2018-02-08 08:49:16', NULL),
(62, 6, 1, '20180209174833', '2018-02-09', '2018-02-09', 'jl padi bogor', '2018-02-09 11:36:52', '2018-02-09 11:36:52', NULL),
(63, 14, 1, '20180213172728', '2018-02-13', '2018-02-13', 'CIGOMBONG', '2018-02-13 10:34:10', '2018-02-13 10:34:10', NULL),
(64, 24, 1, '20180213173410', '2018-02-13', '2018-02-13', 'cigombong', '2018-02-13 10:45:55', '2018-02-13 10:45:55', NULL),
(65, 37, 1, '20180213174716', '2018-02-08', '2018-02-08', 'cigombong', '2018-02-13 10:50:19', '2018-02-13 10:50:19', NULL);

-- --------------------------------------------------------

--
-- Table structure for table `order_details`
--

CREATE TABLE `order_details` (
  `id` int(11) NOT NULL,
  `order_id` int(11) NOT NULL,
  `product_id` int(11) NOT NULL,
  `qty` varchar(45) DEFAULT NULL,
  `price` varchar(45) DEFAULT NULL,
  `status` varchar(45) DEFAULT NULL,
  `created_at` timestamp NULL DEFAULT NULL,
  `updated_at` timestamp NULL DEFAULT NULL,
  `deleted_at` datetime DEFAULT NULL
) ENGINE=InnoDB DEFAULT CHARSET=utf8;

--
-- Dumping data for table `order_details`
--

INSERT INTO `order_details` (`id`, `order_id`, `product_id`, `qty`, `price`, `status`, `created_at`, `updated_at`, `deleted_at`) VALUES
(57, 10, 3, '5', '485000', NULL, '2017-12-25 12:41:34', '2017-12-25 12:41:34', NULL),
(58, 10, 7, '5', '66500', NULL, '2017-12-25 12:41:34', '2017-12-25 12:41:34', NULL),
(59, 10, 8, '78', '5800', NULL, '2017-12-25 12:41:34', '2017-12-25 12:41:34', NULL),
(78, 7, 1, '3', '10000', NULL, '2018-01-24 00:40:04', '2018-01-24 00:40:04', NULL),
(106, 20, 44, '2', '7000', NULL, '2018-01-24 01:45:01', '2018-01-24 01:45:01', NULL),
(107, 20, 106, '2', '12500', NULL, '2018-01-24 01:45:01', '2018-01-24 01:45:01', NULL),
(223, 36, 145, '24', '500', NULL, '2018-01-24 12:20:29', '2018-01-24 12:20:29', NULL),
(224, 36, 2, '2', '22000', NULL, '2018-01-24 12:20:29', '2018-01-24 12:20:29', NULL),
(225, 36, 44, '2', '7000', NULL, '2018-01-24 12:20:29', '2018-01-24 12:20:29', NULL),
(226, 36, 106, '2', '12500', NULL, '2018-01-24 12:20:29', '2018-01-24 12:20:29', NULL),
(227, 36, 144, '12', '500', NULL, '2018-01-24 12:20:29', '2018-01-24 12:20:29', NULL),
(288, 6, 1, '4', '10000', NULL, '2018-01-25 03:01:36', '2018-01-25 03:01:36', NULL),
(289, 6, 1, '3', '10000', NULL, '2018-01-25 03:01:36', '2018-01-25 03:01:36', NULL),
(335, 37, 102, '10', '11000', NULL, '2018-01-26 02:55:18', '2018-01-26 02:55:18', NULL),
(336, 37, 2, '1', '22000', NULL, '2018-01-26 02:55:18', '2018-01-26 02:55:18', NULL),
(337, 38, 47, NULL, '11500', NULL, '2018-01-26 03:05:23', '2018-01-26 03:05:23', NULL),
(338, 39, 100, '2', '8000', NULL, '2018-01-27 06:02:35', '2018-01-27 06:02:35', NULL),
(339, 39, 30, '2', '12000', NULL, '2018-01-27 06:02:35', '2018-01-27 06:02:35', NULL),
(340, 39, 2, '2', '22000', NULL, '2018-01-27 06:02:35', '2018-01-27 06:02:35', NULL),
(341, 39, 135, '1', '26000', NULL, '2018-01-27 06:02:35', '2018-01-27 06:02:35', NULL),
(342, 40, 102, '20', '11000', NULL, '2018-01-29 07:59:08', '2018-01-29 07:59:08', NULL),
(343, 40, 2, '1', '22000', NULL, '2018-01-29 07:59:08', '2018-01-29 07:59:08', NULL),
(344, 41, 102, '20', '11000', NULL, '2018-01-29 08:01:17', '2018-01-29 08:01:17', NULL),
(345, 41, 2, '1', '22000', NULL, '2018-01-29 08:01:18', '2018-01-29 08:01:18', NULL),
(354, 43, 155, '4', '11000', NULL, '2018-01-30 06:13:59', '2018-01-30 06:13:59', NULL),
(355, 43, 2, '1', '22000', NULL, '2018-01-30 06:13:59', '2018-01-30 06:13:59', NULL),
(356, 43, 85, '6', '10500', NULL, '2018-01-30 06:13:59', '2018-01-30 06:13:59', NULL),
(357, 44, 100, '1', '8000', NULL, '2018-01-31 03:39:13', '2018-01-31 03:39:13', NULL),
(358, 44, 106, '1', '12500', NULL, '2018-01-31 03:39:13', '2018-01-31 03:39:13', NULL),
(363, 47, 2, '1', '22000', NULL, '2018-01-31 03:54:14', '2018-01-31 03:54:14', NULL),
(364, 47, 92, '1', '10000', NULL, '2018-01-31 03:54:14', '2018-01-31 03:54:14', NULL),
(365, 47, 100, '1', '8000', NULL, '2018-01-31 03:54:14', '2018-01-31 03:54:14', NULL),
(366, 47, 44, '2', '7000', NULL, '2018-01-31 03:54:14', '2018-01-31 03:54:14', NULL),
(382, 48, 44, '1', '7000', NULL, '2018-01-31 10:42:03', '2018-01-31 10:42:03', NULL),
(383, 48, 106, '2', '12500', NULL, '2018-01-31 10:42:03', '2018-01-31 10:42:03', NULL),
(384, 48, 79, '2', '2000', NULL, '2018-01-31 10:42:03', '2018-01-31 10:42:03', NULL),
(385, 48, 169, '1', '6000', NULL, '2018-01-31 10:42:03', '2018-01-31 10:42:03', NULL),
(386, 48, 99, '1', '6000', NULL, '2018-01-31 10:42:03', '2018-01-31 10:42:03', NULL),
(387, 48, 128, '1', '24800', NULL, '2018-01-31 10:42:03', '2018-01-31 10:42:03', NULL),
(388, 48, 163, '1', '5500', NULL, '2018-01-31 10:42:03', '2018-01-31 10:42:03', NULL),
(389, 48, 165, '1', '2000', NULL, '2018-01-31 10:42:03', '2018-01-31 10:42:03', NULL),
(390, 48, 167, '1', '19700', NULL, '2018-01-31 10:42:03', '2018-01-31 10:42:03', NULL),
(391, 48, 161, '2', '16700', NULL, '2018-01-31 10:42:03', '2018-01-31 10:42:03', NULL),
(392, 48, 130, '1', '16000', NULL, '2018-01-31 10:42:03', '2018-01-31 10:42:03', NULL),
(393, 48, 160, '2', '9000', NULL, '2018-01-31 10:42:03', '2018-01-31 10:42:03', NULL),
(394, 48, 159, '2', '9000', NULL, '2018-01-31 10:42:03', '2018-01-31 10:42:03', NULL),
(395, 48, 157, '2', '9000', NULL, '2018-01-31 10:42:03', '2018-01-31 10:42:03', NULL),
(396, 48, 158, '2', '9000', NULL, '2018-01-31 10:42:03', '2018-01-31 10:42:03', NULL),
(397, 49, 126, '1', '26500', NULL, '2018-01-31 10:48:59', '2018-01-31 10:48:59', NULL),
(398, 49, 100, '1', '8000', NULL, '2018-01-31 10:48:59', '2018-01-31 10:48:59', NULL),
(399, 49, 106, '1', '12500', NULL, '2018-01-31 10:48:59', '2018-01-31 10:48:59', NULL),
(402, 45, 106, '5', '12500', NULL, '2018-01-31 16:39:24', '2018-01-31 16:39:24', NULL),
(403, 45, 2, '5', '22000', NULL, '2018-01-31 16:39:24', '2018-01-31 16:39:24', NULL),
(406, 46, 2, '5', '22000', NULL, '2018-01-31 16:43:24', '2018-01-31 16:43:24', NULL),
(407, 46, 106, '5', '12500', NULL, '2018-01-31 16:43:24', '2018-01-31 16:43:24', NULL),
(411, 50, 99, '2', '6000', NULL, '2018-02-02 10:09:56', '2018-02-02 10:09:56', NULL),
(412, 50, 106, '1', '12500', NULL, '2018-02-02 10:09:56', '2018-02-02 10:09:56', NULL),
(413, 50, 121, '1', '18500', NULL, '2018-02-02 10:09:56', '2018-02-02 10:09:56', NULL),
(414, 51, 109, '1', '14000', NULL, '2018-02-03 07:44:08', '2018-02-03 07:44:08', NULL),
(415, 51, 45, '1', '28500', NULL, '2018-02-03 07:44:08', '2018-02-03 07:44:08', NULL),
(416, 51, 102, '1', '332500', NULL, '2018-02-03 07:44:08', '2018-02-03 07:44:08', NULL),
(417, 52, 103, '2', '16000', NULL, '2018-02-03 07:46:38', '2018-02-03 07:46:38', NULL),
(418, 52, 102, '10', '10500', NULL, '2018-02-03 07:46:38', '2018-02-03 07:46:38', NULL),
(419, 53, 102, '1', '332500', NULL, '2018-02-03 07:51:13', '2018-02-03 07:51:13', NULL),
(420, 53, 45, '1', '28500', NULL, '2018-02-03 07:51:13', '2018-02-03 07:51:13', NULL),
(421, 53, 109, '1', '14000', NULL, '2018-02-03 07:51:13', '2018-02-03 07:51:13', NULL),
(422, 53, 44, '1', '7000', NULL, '2018-02-03 07:51:13', '2018-02-03 07:51:13', NULL),
(423, 54, 103, '2', '16000', NULL, '2018-02-06 04:24:46', '2018-02-06 04:24:46', NULL),
(424, 54, 135, '1', '25000', NULL, '2018-02-06 04:24:46', '2018-02-06 04:24:46', NULL),
(425, 54, 102, '10', '10500', NULL, '2018-02-06 04:24:46', '2018-02-06 04:24:46', NULL),
(451, 57, 102, '10', '10500', NULL, '2018-02-07 07:22:32', '2018-02-07 07:22:32', NULL),
(452, 57, 103, '2', '16000', NULL, '2018-02-07 07:22:32', '2018-02-07 07:22:32', NULL),
(453, 57, 135, '1', '25000', NULL, '2018-02-07 07:22:32', '2018-02-07 07:22:32', NULL),
(467, 59, 2, '2', '22000', NULL, '2018-02-08 08:45:46', '2018-02-08 08:45:46', NULL),
(468, 59, 110, '1', '81500', NULL, '2018-02-08 08:45:46', '2018-02-08 08:45:46', NULL),
(469, 59, 106, '2', '12000', NULL, '2018-02-08 08:45:46', '2018-02-08 08:45:46', NULL),
(470, 59, 107, '1', '17000', NULL, '2018-02-08 08:45:46', '2018-02-08 08:45:46', NULL),
(474, 61, 102, '5', '10500', NULL, '2018-02-08 08:49:16', '2018-02-08 08:49:16', NULL),
(482, 21, 47, '1', '9000', NULL, '2018-02-09 01:40:11', '2018-02-09 01:40:11', NULL),
(483, 21, 126, '1', '26400', NULL, '2018-02-09 01:40:11', '2018-02-09 01:40:11', NULL),
(484, 21, 96, '1', '6000', NULL, '2018-02-09 01:40:11', '2018-02-09 01:40:11', NULL),
(485, 21, 122, '2', '6000', NULL, '2018-02-09 01:40:11', '2018-02-09 01:40:11', NULL),
(486, 21, 131, '1', '22000', NULL, '2018-02-09 01:40:11', '2018-02-09 01:40:11', NULL),
(487, 21, 135, '1', '26000', NULL, '2018-02-09 01:40:11', '2018-02-09 01:40:11', NULL),
(488, 21, 134, '1', '6000', NULL, '2018-02-09 01:40:11', '2018-02-09 01:40:11', NULL),
(489, 24, 109, '1', '12500', NULL, '2018-02-09 02:05:44', '2018-02-09 02:05:44', NULL),
(490, 24, 2, '2', '22000', NULL, '2018-02-09 02:05:44', '2018-02-09 02:05:44', NULL),
(491, 24, 143, '2', '17000', NULL, '2018-02-09 02:05:44', '2018-02-09 02:05:44', NULL),
(492, 24, 119, '5', '2500', NULL, '2018-02-09 02:05:44', '2018-02-09 02:05:44', NULL),
(493, 24, 10, '5', '3000', NULL, '2018-02-09 02:05:44', '2018-02-09 02:05:44', NULL),
(494, 24, 138, '1', '9500', NULL, '2018-02-09 02:05:44', '2018-02-09 02:05:44', NULL),
(495, 24, 140, '1', '27000', NULL, '2018-02-09 02:05:44', '2018-02-09 02:05:44', NULL),
(496, 24, 139, '1', '11000', NULL, '2018-02-09 02:05:44', '2018-02-09 02:05:44', NULL),
(497, 24, 142, '25', '2000', NULL, '2018-02-09 02:05:44', '2018-02-09 02:05:44', NULL),
(498, 24, 102, '5', '11000', NULL, '2018-02-09 02:05:44', '2018-02-09 02:05:44', NULL),
(499, 24, 34, '15', '1000', NULL, '2018-02-09 02:05:44', '2018-02-09 02:05:44', NULL),
(500, 24, 102, '10', '11000', NULL, '2018-02-09 02:05:44', '2018-02-09 02:05:44', NULL),
(501, 55, 109, '1', '14000', NULL, '2018-02-09 02:09:42', '2018-02-09 02:09:42', NULL),
(502, 58, 171, '1', '17500', NULL, '2018-02-09 02:20:06', '2018-02-09 02:20:06', NULL),
(503, 58, 172, '1', '14500', NULL, '2018-02-09 02:20:06', '2018-02-09 02:20:06', NULL),
(504, 58, 174, '1', '21500', NULL, '2018-02-09 02:20:06', '2018-02-09 02:20:06', NULL),
(505, 58, 144, '1', '6000', NULL, '2018-02-09 02:20:06', '2018-02-09 02:20:06', NULL),
(506, 58, 85, '2', '12000', NULL, '2018-02-09 02:20:06', '2018-02-09 02:20:06', NULL),
(574, 62, 102, '20', '10500', NULL, '2018-02-13 05:10:26', '2018-02-13 05:10:26', NULL),
(575, 62, 106, '2', '12000', NULL, '2018-02-13 05:10:26', '2018-02-13 05:10:26', NULL),
(576, 62, 109, '1', '14000', NULL, '2018-02-13 05:10:26', '2018-02-13 05:10:26', NULL),
(577, 62, 18, '1', '26000', NULL, '2018-02-13 05:10:26', '2018-02-13 05:10:26', NULL),
(578, 62, 58, '3', '6000', NULL, '2018-02-13 05:10:26', '2018-02-13 05:10:26', NULL),
(579, 62, 85, '2', '13000', NULL, '2018-02-13 05:10:26', '2018-02-13 05:10:26', NULL),
(580, 62, 54, '4', '1300', NULL, '2018-02-13 05:10:26', '2018-02-13 05:10:26', NULL),
(581, 62, 23, '7', '1300', NULL, '2018-02-13 05:10:26', '2018-02-13 05:10:26', NULL),
(582, 62, 123, '1', '6000', NULL, '2018-02-13 05:10:26', '2018-02-13 05:10:26', NULL),
(583, 62, 134, '1', '6000', NULL, '2018-02-13 05:10:26', '2018-02-13 05:10:26', NULL),
(584, 62, 2, '2', '22000', NULL, '2018-02-13 05:10:26', '2018-02-13 05:10:26', NULL),
(585, 62, 79, '2', '2000', NULL, '2018-02-13 05:10:26', '2018-02-13 05:10:26', NULL),
(586, 62, 170, '2', '5000', NULL, '2018-02-13 05:10:26', '2018-02-13 05:10:26', NULL),
(587, 62, 54, '2', '13000', NULL, '2018-02-13 05:10:26', '2018-02-13 05:10:26', NULL),
(588, 62, 178, '1', '23000', NULL, '2018-02-13 05:10:26', '2018-02-13 05:10:26', NULL),
(589, 62, 180, '1', '13000', NULL, '2018-02-13 05:10:26', '2018-02-13 05:10:26', NULL),
(590, 62, 182, '3', '25000', NULL, '2018-02-13 05:10:26', '2018-02-13 05:10:26', NULL),
(591, 62, 183, '1', '20000', NULL, '2018-02-13 05:10:26', '2018-02-13 05:10:26', NULL),
(608, 56, 121, '1', '18000', NULL, '2018-02-13 10:03:03', '2018-02-13 10:03:03', NULL),
(609, 56, 58, '2', '6000', NULL, '2018-02-13 10:03:03', '2018-02-13 10:03:03', NULL),
(610, 56, 106, '2', '12500', NULL, '2018-02-13 10:03:03', '2018-02-13 10:03:03', NULL),
(611, 56, 103, '1', '16000', NULL, '2018-02-13 10:03:03', '2018-02-13 10:03:03', NULL),
(612, 56, 31, '1', '10000', NULL, '2018-02-13 10:03:03', '2018-02-13 10:03:03', NULL),
(613, 56, 120, '1', '62500', NULL, '2018-02-13 10:03:03', '2018-02-13 10:03:03', NULL),
(614, 56, 186, '1', '47400', NULL, '2018-02-13 10:03:03', '2018-02-13 10:03:03', NULL),
(615, 56, 116, '1', '21000', NULL, '2018-02-13 10:03:03', '2018-02-13 10:03:03', NULL),
(616, 63, 141, '1', '15000', NULL, '2018-02-13 10:34:10', '2018-02-13 10:34:10', NULL),
(617, 63, 34, '12', '1000', NULL, '2018-02-13 10:34:10', '2018-02-13 10:34:10', NULL),
(618, 63, 11, '1', '8000', NULL, '2018-02-13 10:34:10', '2018-02-13 10:34:10', NULL),
(619, 63, 86, '1', '22300', NULL, '2018-02-13 10:34:10', '2018-02-13 10:34:10', NULL),
(620, 63, 85, '20', '1200', NULL, '2018-02-13 10:34:10', '2018-02-13 10:34:10', NULL),
(621, 63, 137, '12', '500', NULL, '2018-02-13 10:34:10', '2018-02-13 10:34:10', NULL),
(622, 63, 136, '6', '1000', NULL, '2018-02-13 10:34:10', '2018-02-13 10:34:10', NULL),
(623, 63, 50, '1', '5000', NULL, '2018-02-13 10:34:10', '2018-02-13 10:34:10', NULL),
(624, 63, 156, '1', '33800', NULL, '2018-02-13 10:34:10', '2018-02-13 10:34:10', NULL),
(625, 64, 137, '2', '5500', NULL, '2018-02-13 10:45:55', '2018-02-13 10:45:55', NULL),
(626, 64, 32, '1', '11500', NULL, '2018-02-13 10:45:55', '2018-02-13 10:45:55', NULL),
(627, 64, 124, '1', '22300', NULL, '2018-02-13 10:45:55', '2018-02-13 10:45:55', NULL),
(628, 64, 50, '1', '5000', NULL, '2018-02-13 10:45:55', '2018-02-13 10:45:55', NULL),
(629, 65, 128, '1', '22300', NULL, '2018-02-13 10:50:20', '2018-02-13 10:50:20', NULL),
(630, 65, 145, '1', '11500', NULL, '2018-02-13 10:50:20', '2018-02-13 10:50:20', NULL),
(631, 42, 102, '20', '11000', NULL, '2018-02-13 10:51:18', '2018-02-13 10:51:18', NULL),
(632, 42, 2, '1', '22000', NULL, '2018-02-13 10:51:18', '2018-02-13 10:51:18', NULL);

-- --------------------------------------------------------

--
-- Table structure for table `products`
--

CREATE TABLE `products` (
  `id` int(11) NOT NULL,
  `product_category_id` int(11) NOT NULL,
  `unit_id` int(11) NOT NULL,
  `name` varchar(45) DEFAULT NULL,
  `description` varchar(45) DEFAULT NULL,
  `price` varchar(45) DEFAULT NULL,
  `stock` varchar(45) DEFAULT NULL,
  `created_at` timestamp NULL DEFAULT NULL,
  `updated_at` timestamp NULL DEFAULT NULL,
  `deleted_at` datetime DEFAULT NULL
) ENGINE=InnoDB DEFAULT CHARSET=utf8;

--
-- Dumping data for table `products`
--

INSERT INTO `products` (`id`, `product_category_id`, `unit_id`, `name`, `description`, `price`, `stock`, `created_at`, `updated_at`, `deleted_at`) VALUES
(1, 1, 1, 'minyak goreng', 'test', '13000', '0', '2017-11-17 02:41:39', '2018-03-18 14:54:03', NULL),
(2, 1, 1, 'TELUR', 'sadf', '22000', '-14', '2017-12-03 05:59:45', '2018-02-13 10:51:18', NULL),
(3, 1, 2, 'Beras(50kg)', 'sadf', '550000', '0', '2017-12-03 06:29:03', '2017-12-30 09:13:02', NULL),
(4, 1, 9, 'Telur', 'sadf', '362000', '0', '2017-12-03 06:34:47', '2017-12-30 10:56:42', NULL),
(5, 1, 3, 'Fitti pants M56', 'sadf', '71500', '0', '2017-12-03 06:36:36', '2017-12-03 06:36:36', NULL),
(6, 1, 3, 'Go\'on pants xl20', 'sadf', '48000', '0', '2017-12-03 06:41:58', '2017-12-03 06:41:58', NULL),
(7, 1, 3, 'Go\'on pants M34', 'sadf', '66500', '0', '2017-12-03 06:43:11', '2017-12-30 10:56:59', NULL),
(8, 1, 3, 'Teh celup poci', 'sadf', '5800', '0', '2017-12-03 06:43:59', '2017-12-30 21:21:21', NULL),
(9, 1, 6, 'Sabun lux (85gr)', 'sadf', '2900', '0', '2017-12-03 06:45:34', '2017-12-03 06:45:34', NULL),
(10, 1, 7, 'INDOMIE goreng', 'MAKANAN', '3000', '35', '2017-12-03 07:16:49', '2018-02-09 02:05:44', NULL),
(11, 1, 3, 'Paseo smart 50s', '-', '-', '-1', '2017-12-03 07:31:42', '2018-02-13 10:34:10', NULL),
(12, 1, 3, 'Charm maxi 20', '-', '-', '0', '2017-12-03 07:32:26', '2017-12-30 20:41:08', NULL),
(13, 1, 3, 'SGM eksp 400g', '-', '-', '0', '2017-12-03 07:33:22', '2017-12-30 20:41:08', NULL),
(14, 1, 6, 'Saus sambal indofood 140g', '-', '-', '-', '2017-12-03 07:34:28', '2017-12-03 07:34:28', NULL),
(15, 1, 6, 'Lifebuoy reffil lemon 450g', '-', '26000', '0', '2017-12-03 07:35:50', '2017-12-30 20:27:34', NULL),
(16, 1, 6, 'Sabun dettol original 110g', '-', '-', '0', '2017-12-03 07:36:33', '2017-12-30 20:27:34', NULL),
(17, 1, 6, 'Sabun lifebuoy lemon 60g', '-', '-', '0', '2017-12-03 07:37:16', '2017-12-30 20:27:34', NULL),
(18, 1, 6, 'Kecap bango reffil 600g', '-', '-', '-1', '2017-12-03 07:38:10', '2018-02-13 05:10:26', NULL),
(19, 1, 7, 'Indomie kari', '-', '-', '0', '2017-12-03 07:42:53', '2017-12-30 21:21:21', NULL),
(20, 1, 7, 'Indomie goreng', '-', '-', '-', '2017-12-03 07:43:47', '2017-12-03 07:43:47', NULL),
(21, 1, 7, 'Indomie soto', '-', '-', '-', '2017-12-03 07:49:31', '2017-12-03 07:49:31', NULL),
(22, 1, 7, 'Kopi kapal api', '-', '1500', '0', '2017-12-03 07:50:36', '2017-12-30 21:21:21', NULL),
(23, 1, 7, 'Luwak white coffe', '-', '1500', '-7', '2017-12-03 07:51:33', '2018-02-13 05:10:26', NULL),
(24, 1, 7, 'Kopi ABC susu', '-', '1500', '-', '2017-12-03 07:52:27', '2017-12-03 07:52:27', NULL),
(25, 1, 7, 'Kopi good day', '-', '1500', '-', '2017-12-03 07:53:05', '2017-12-03 07:53:05', NULL),
(26, 1, 7, 'Kopi liong bulan', '-', '1500', '-', '2017-12-03 07:53:43', '2017-12-03 07:53:43', NULL),
(27, 1, 7, 'Energen', '-', '1500', '0', '2017-12-03 07:54:10', '2017-12-30 21:21:21', NULL),
(28, 1, 7, 'Susu enaak', '-', '1500', '-', '2017-12-03 07:56:12', '2017-12-03 07:56:12', NULL),
(29, 1, 7, 'Susu frisian flag', '-', '2500', '-', '2017-12-03 07:56:54', '2017-12-03 07:56:54', NULL),
(30, 1, 8, 'Terigu segitiga biru kemasan', '-', '11000', '-2', '2017-12-03 07:58:10', '2018-01-27 06:02:35', NULL),
(31, 1, 7, 'Rejoice shampoo', '-', '1000', '-1', '2017-12-03 08:02:16', '2018-02-13 10:03:03', NULL),
(32, 1, 7, 'Pantene shampoo', '-', '1000', '-1', '2017-12-03 08:02:47', '2018-02-13 10:45:55', NULL),
(33, 1, 7, 'Rinso cair', '-', '1000', '0', '2017-12-03 08:03:36', '2017-12-30 21:21:21', NULL),
(34, 1, 7, 'Soklin cair 60ml', '-', '1000', '-27', '2017-12-03 08:04:24', '2018-02-13 10:34:10', NULL),
(35, 1, 7, 'Soklin cair 40ml', '-', '500', '-', '2017-12-03 08:05:10', '2017-12-03 08:05:10', NULL),
(36, 1, 8, 'Magnum mild', '-', '14000', '0', '2017-12-03 08:08:49', '2017-12-30 21:21:21', NULL),
(37, 1, 8, 'Sampoerna mild', '-', '20000', '0', '2017-12-03 08:09:40', '2017-12-30 21:21:21', NULL),
(38, 1, 8, 'Dunhill 20', '-', '21000', '0', '2017-12-03 08:10:15', '2017-12-30 21:21:21', NULL),
(39, 1, 8, 'Umild', '-', '17000', '0', '2017-12-03 08:10:47', '2017-12-30 21:21:21', NULL),
(40, 1, 8, 'Gudang garam filter', '-', '16000', '0', '2017-12-03 08:11:19', '2017-12-30 21:21:21', NULL),
(41, 1, 8, 'Dji Sam Soe', '-', '17000', '-', '2017-12-03 08:12:06', '2017-12-03 08:12:06', NULL),
(42, 1, 8, 'Jarum super', '-', '17000', '0', '2017-12-03 08:12:36', '2018-01-22 23:58:36', NULL),
(43, 1, 7, 'pampers go,on L', 'sadf', '1500', '50', '2017-12-30 09:16:21', '2017-12-30 11:00:16', NULL),
(44, 1, 1, 'Terigu segitiga', 'bahan baku', '7000', '14', '2017-12-30 09:17:21', '2018-02-03 07:51:13', NULL),
(45, 1, 10, 'bimoli 2ltr', 'sadf', '27000', '-2', '2017-12-30 09:18:54', '2018-02-03 07:51:13', NULL),
(46, 1, 10, 'fortune 1ltr', 'sadf', '15000', '5', '2017-12-30 09:20:22', '2017-12-30 09:20:22', NULL),
(47, 1, 7, 'SUNLIGHT 400ml', 'SABUN CUCI', '11500', '1', '2017-12-30 09:52:42', '2018-02-09 01:40:11', NULL),
(48, 1, 1, 'kacang tanah', 'sadf', '12000', '0', '2017-12-30 10:55:35', '2017-12-30 10:55:35', NULL),
(49, 1, 7, 'pampers go,on M', '-', '1500', '80', '2017-12-30 10:59:44', '2017-12-30 10:59:44', NULL),
(50, 1, 7, 'Sunlight  240ml', 'SABUN CUCI', '5000', '3', '2017-12-30 11:03:22', '2018-02-13 10:45:55', NULL),
(51, 1, 7, 'sunlight 800ml', '-', '-', '-', '2017-12-30 11:10:28', '2017-12-30 11:10:28', NULL),
(52, 1, 7, 'Indofood SBL PDS 140', '-', '5400', '0', '2017-12-30 20:37:52', '2017-12-30 20:37:52', NULL),
(53, 1, 4, 'ATTACK Jazz 1', '-', '10000', '0', '2017-12-30 21:22:38', '2017-12-30 21:22:38', NULL),
(54, 1, 4, 'ABC susu', '-', '10000', '-6', '2017-12-30 21:23:17', '2018-02-13 05:10:26', NULL),
(55, 1, 3, 'GOOD DAY', '-', '49000', '0', '2017-12-30 21:23:45', '2017-12-30 21:23:45', NULL),
(56, 1, 4, 'iyes oven 12gr bawang/12', '-', '6340', '0', '2017-12-30 22:41:07', '2017-12-30 22:41:07', NULL),
(57, 1, 1, 'iyes oven 12gr jagung bakar/12', '-', '6340', '0', '2017-12-30 22:41:50', '2017-12-30 22:41:50', NULL),
(58, 1, 1, 'ABC SAMBAL 9ML sch asli(20)', '-', '6440', '-5', '2017-12-30 22:54:10', '2018-02-13 10:03:03', NULL),
(59, 1, 4, 'Tic Tac E-1000 10\'S R.LAUT/6', '-', '8460', '0', '2017-12-30 22:55:28', '2017-12-30 22:55:28', NULL),
(60, 1, 8, 'Magnum Filter', 'rokok', '14780', '0', '2018-01-03 23:58:56', '2018-01-03 23:58:56', NULL),
(61, 1, 8, 'TIC TAC E-1000 10\'S SAPI PGG/6', 'MKANAN', '8460', '0', '2018-01-04 00:13:01', '2018-01-04 00:13:01', NULL),
(62, 1, 8, 'SUKRO POLONG 20GR 10\'S', 'MKANAN', '8585', '0', '2018-01-04 00:19:05', '2018-01-04 00:19:05', NULL),
(63, 1, 8, 'KOROKU 26GR ORIGINAL 10\'S (6)', 'MKANAN', '8585', '0', '2018-01-04 00:23:12', '2018-01-04 00:23:12', NULL),
(64, 1, 10, 'BANGAU REFILL 600ML (12)', 'SEMBAKO', '25865', '0', '2018-01-04 00:27:00', '2018-01-04 00:27:00', NULL),
(65, 1, 8, 'SUSU BENDERA SACHET PUTIH BKM (20)', 'SEMBAKO', '7150', '0', '2018-01-04 00:31:59', '2018-01-04 00:31:59', NULL),
(66, 1, 8, 'BENDERA SACHET CHOCO (20)', 'SUSU', '7150', '0', '2018-01-04 00:33:12', '2018-01-04 00:33:12', NULL),
(67, 1, 10, 'LIFEBUOY BW REF 450ML MERAH /24', 'SABUN MANDI', '22820', '0', '2018-01-04 00:39:15', '2018-01-04 00:39:15', NULL),
(68, 1, 7, 'MAMY POKO OPEN STD NB-S12 (12)', 'popok', '16265', '0', '2018-01-04 00:43:57', '2018-01-04 00:43:57', NULL),
(69, 1, 8, 'GOON PANT RCG M-1 10\'S (6)', 'PEMPES', '12455', '0', '2018-01-04 00:53:11', '2018-01-04 00:53:11', NULL),
(70, 1, 11, 'GOON PANT RCG M-1 10\'S (6)', 'PEMPES', '12455', '0', '2018-01-04 00:59:02', '2018-01-04 00:59:02', NULL),
(71, 1, 11, 'GOON PANT L-1', 'PEMPES', '12455', '0', '2018-01-04 01:00:11', '2018-01-04 01:00:11', NULL),
(72, 1, 2, 'SHUNTON P-3 BAL (12)', 'TEING', '10120', '0', '2018-01-04 01:10:37', '2018-01-04 01:10:37', NULL),
(73, 1, 5, 'ALE - ALE', 'MINUMAN', '17.500', '0', '2018-01-07 22:58:52', '2018-01-07 22:58:52', NULL),
(74, 1, 5, 'TEH GELAS', 'MINUMAN', '18.000', '0', '2018-01-07 23:00:14', '2018-01-07 23:00:14', NULL),
(75, 1, 5, 'BENG-BENG', 'MKANAN', '26.500', '0', '2018-01-07 23:01:11', '2018-01-07 23:01:11', NULL),
(76, 1, 8, 'DJI MAGNUM MILD', 'ROKOK', '15.000', '0', '2018-01-07 23:03:23', '2018-01-07 23:03:23', NULL),
(77, 1, 8, 'SAMPOERNA KRETEK', 'ROKOK', '12000', '0', '2018-01-08 01:10:39', '2018-01-08 01:10:39', NULL),
(78, 1, 8, 'NESLITE', 'ROKOK', '12000', '0', '2018-01-08 01:11:17', '2018-01-08 01:11:17', NULL),
(79, 1, 8, 'GARAM JEMPOL', 'GARAM', '2000', '-4', '2018-01-08 01:12:33', '2018-02-13 05:10:26', NULL),
(80, 1, 8, 'GARAM BATA', 'GARAM', '7000', '0', '2018-01-08 01:13:37', '2018-01-08 01:13:37', NULL),
(81, 1, 12, 'SUSU BERUANG', 'SUSU', '8000', '0', '2018-01-08 01:15:15', '2018-01-08 01:15:15', NULL),
(82, 1, 8, 'DJA COKLAT', 'ROKOK', '13000', '0', '2018-01-08 01:16:53', '2018-01-08 01:16:53', NULL),
(83, 1, 8, 'DJI MAGNUM ITEM', 'ROKOK', '16000', '0', '2018-01-08 01:17:39', '2018-01-08 01:17:39', NULL),
(84, 1, 8, 'KOPI NIKMAT Uhui', 'kopi', '800', '0', '2018-01-08 01:35:46', '2018-01-08 01:35:46', NULL),
(85, 1, 8, 'KOPI KAPAL API', 'KOPI', '1500', '-30', '2018-01-08 01:36:29', '2018-02-13 10:34:10', NULL),
(86, 1, 1, 'LIFEBUOY BW MILD CR RF 450g', 'SABUN CAIR', '22300', '-1', '2018-01-11 20:37:38', '2018-02-13 10:34:10', NULL),
(87, 1, 7, 'KELLY LEMON SDAP 75G', 'KELLY', '12000', '0', '2018-01-11 20:38:46', '2018-01-11 20:38:46', NULL),
(88, 1, 8, 'ABC SAUS TOMAT 135 ML', 'SAUS', '4600', '0', '2018-01-11 20:40:52', '2018-01-11 20:40:52', NULL),
(89, 1, 3, 'TONG TJI T HIJAU 25\'', 'TEH', '16700', '0', '2018-01-11 20:42:00', '2018-01-11 20:42:00', NULL),
(90, 1, 6, 'REXSONA 40ML', 'REXSONA', '17200', '0', '2018-01-11 20:43:56', '2018-01-11 20:43:56', NULL),
(91, 1, 7, 'EKONOMI CRM LM E900K', 'SABUN', '4700', '0', '2018-01-11 20:46:36', '2018-01-11 20:46:36', NULL),
(92, 1, 12, 'SUSU INDOMILK SKM 375g', 'SUSU', '9400', '-1', '2018-01-11 20:48:08', '2018-01-31 03:54:14', NULL),
(93, 1, 11, 'ZINC', 'SAMPO', '5000', '0', '2018-01-11 23:33:50', '2018-01-11 23:33:50', NULL),
(94, 1, 3, 'PANTENE', 'SAMPO', '9500', '0', '2018-01-11 23:35:13', '2018-01-11 23:35:13', NULL),
(95, 1, 3, 'SOFFEL 12LBR', '-', '60000', '0', '2018-01-11 23:40:14', '2018-01-11 23:40:14', NULL),
(96, 1, 13, 'MOLTO', 'PEWANGI', '5000', '-1', '2018-01-11 23:43:00', '2018-02-09 01:40:11', NULL),
(97, 1, 13, 'BENDERA SAK=', 'SUSU', '14500', '0', '2018-01-11 23:45:44', '2018-01-11 23:45:44', NULL),
(98, 1, 7, 'EXTRA JOSS', '-', '11000', '0', '2018-01-11 23:46:47', '2018-01-11 23:46:47', NULL),
(99, 1, 13, 'SAMBAL ABC Meja', 'SAMBAL', '61000', '-3', '2018-01-11 23:47:53', '2018-02-02 10:09:56', NULL),
(100, 1, 3, 'PASEO Soft pack', '_', '73000', '-5', '2018-01-11 23:49:12', '2018-01-31 10:48:59', NULL),
(101, 1, 14, 'FORMULA', '-', '28500', '0', '2018-01-12 00:10:21', '2018-01-12 00:10:21', NULL),
(102, 1, 1, 'BERAS', 'BERAS', '555000', '-45', '2018-01-12 00:59:02', '2018-02-13 10:51:18', NULL),
(103, 1, 1, 'JAZZ 1 SEMERBAK  900G', 'DTERJEN', '14200', '-7', '2018-01-12 01:03:54', '2018-02-13 10:03:03', NULL),
(104, 1, 1, 'JAZZ 1 SEMERBAK 1,8KG', 'DTERJEN', '27000', '0', '2018-01-12 01:04:49', '2018-01-12 01:04:49', NULL),
(105, 1, 12, 'SUSU INDOMILK SKM PTH 370ML', 'SUSU CREAM', '9450', '2', '2018-01-12 01:07:52', '2018-01-12 01:07:52', NULL),
(106, 1, 1, 'MINYAK SUPER', 'MINYAK GORENG', '9950', '-25', '2018-01-12 01:26:08', '2018-02-13 10:03:03', NULL),
(107, 1, 1, 'ABC KECAP MNS RF 520M', 'KECAP MNS', '16300', '-1', '2018-01-12 01:27:31', '2018-02-08 08:45:46', NULL),
(108, 1, 4, 'MASAKO AYAM', 'PENYEDAP RASA', '4800', '0', '2018-01-12 01:28:38', '2018-01-12 01:28:38', NULL),
(109, 1, 1, 'GULA Pasir', 'GULA', '11500', '-5', '2018-01-12 01:29:40', '2018-02-13 05:10:26', NULL),
(110, 1, 5, 'MIE ATOM', 'MIE', '78500', '-1', '2018-01-12 01:31:42', '2018-02-08 08:45:46', NULL),
(111, 1, 9, 'PETI', 'PETI TELOR', '4000', '0', '2018-01-14 23:53:14', '2018-01-14 23:53:14', NULL),
(112, 1, 2, 'DS SUPER', 'TEING', '620000', '0', '2018-01-22 23:57:21', '2018-01-22 23:57:21', NULL),
(113, 1, 3, 'DJA SUPER', 'ROKOK', '153000', '0', '2018-01-23 00:01:35', '2018-01-23 00:01:35', NULL),
(114, 1, 8, 'GG FILTER', 'ROKOK', '15300', '0', '2018-01-23 00:02:36', '2018-01-23 00:02:36', NULL),
(116, 1, 6, 'SHINZU\'I BC ISEYA450', 'TEING', '21000', '-1', '2018-01-23 00:07:40', '2018-02-13 10:03:03', NULL),
(117, 1, 6, 'PONDS WB FC FOAM 100', 'TEING', '23900', '0', '2018-01-23 00:08:24', '2018-01-23 00:08:24', NULL),
(118, 1, 3, 'SOKLIN CAIR 30ml', 'SABUN', '9750', '0', '2018-01-23 22:43:56', '2018-01-23 22:43:56', NULL),
(119, 1, 5, 'INDOMIE Ayam bawang', 'MIE', '79500', '-5', '2018-01-23 22:46:06', '2018-02-09 02:05:44', NULL),
(120, 1, 3, 'FITTI BASIC L 42', 'DIAPERS', '60900', '-1', '2018-01-23 22:47:54', '2018-02-13 10:03:03', NULL),
(121, 1, 6, 'BANGO 1 KCP MNS 275M', 'KECAP MNS', '17100', '-1', '2018-01-23 22:49:49', '2018-02-13 10:03:03', NULL),
(122, 1, 6, 'KODOMO PG ORANGE 45G', 'ODOL ANAK', '4600', '-2', '2018-01-23 22:50:53', '2018-02-09 01:40:11', NULL),
(123, 1, 6, 'TONG TJI BLACK T 25\'', 'TEING', '5000', '-1', '2018-01-23 22:51:45', '2018-02-13 05:10:26', NULL),
(124, 1, 1, 'LIFEBUOY BW MILD CR RF450', 'SABUN CAIR', '22300', '-1', '2018-01-23 22:54:11', '2018-02-13 10:45:55', NULL),
(125, 1, 6, 'LIFEBUOY BW TTL PRTC R450', 'SABUN CAIR', '22300', '0', '2018-01-23 22:55:21', '2018-01-23 22:55:21', NULL),
(126, 1, 1, 'DAIA DET PUTIH 1.8KG', 'SABUN CUCI', '25400', '-2', '2018-01-23 22:56:28', '2018-02-09 01:40:11', NULL),
(127, 1, 1, 'JAZZ1 PESONA SGR 900G', 'SABUN CUCI', '14200', '0', '2018-01-23 22:58:17', '2018-01-23 22:58:17', NULL),
(128, 1, 1, 'LIFEBUOY BW LMN FRS RF450', 'SABUN CAIR', '22300', '-2', '2018-01-23 22:59:45', '2018-02-13 10:50:20', NULL),
(129, 1, 6, 'TRIKA SPR F5 RF 450M', 'TEING', '5000', '0', '2018-01-23 23:01:16', '2018-01-23 23:01:16', NULL),
(130, 1, 6, 'SUNLIGHT LMN RF 800M', 'SABUN CUCI', '14500', '-1', '2018-01-23 23:02:32', '2018-01-31 10:42:03', NULL),
(131, 1, 6, 'PANTENE BOTOL SH H FL 170M', 'SAMPO', '21000', '-1', '2018-01-23 23:03:46', '2018-02-09 01:40:11', NULL),
(132, 1, 6, 'EKONOMI CREAM E500K', 'SABUN CUCI', '1900', '0', '2018-01-23 23:04:58', '2018-01-23 23:04:58', NULL),
(133, 1, 1, 'SEGITIGA BIRU 1KG BKS', 'TRIGU', '10800', '0', '2018-01-23 23:05:42', '2018-01-23 23:05:42', NULL),
(134, 2, 3, 'TEH SARIWANGI', 'TEH', '6000', '5', '2018-01-23 23:36:58', '2018-02-13 05:10:26', NULL),
(135, 2, 6, 'TROPICAL 2LTR', 'MINYAK GORENG', '26000', '-2', '2018-01-23 23:38:25', '2018-02-09 01:40:11', NULL),
(136, 1, 4, 'DOWNY E1000', 'PEWANGI', '1000', '-3', '2018-01-24 00:05:42', '2018-02-13 10:34:10', NULL),
(137, 1, 4, 'MOLTO E500', 'PEWANGI', '500', '-12', '2018-01-24 00:07:26', '2018-02-13 10:45:55', NULL),
(138, 1, 14, 'NABATI Waffer E1000', 'MAKANAN', '8000', '0', '2018-01-24 01:48:44', '2018-02-09 02:05:44', NULL),
(139, 1, 14, 'ROMA Slai olai 1000', 'MAKANAN', '10000', '0', '2018-01-24 01:49:48', '2018-02-09 02:05:44', NULL),
(140, 1, 3, 'ROMA Better1000', 'MAKANAN', '25500', '0', '2018-01-24 01:53:44', '2018-02-09 02:05:44', NULL),
(141, 1, 4, 'DANCOW RCG', 'MINUMAN', '29000', '1', '2018-01-24 01:56:28', '2018-02-13 10:34:10', NULL),
(142, 1, 4, 'M Poko Pants L', 'DIAPERS', '18000', '-22', '2018-01-24 01:57:43', '2018-02-09 02:05:44', NULL),
(143, 1, 12, 'GAGA Sarden', 'MAKANAN', '16000', '0', '2018-01-24 09:42:28', '2018-02-09 02:05:44', NULL),
(144, 1, 7, 'Downy 500', 'PEWANGI', '500', '-9', '2018-01-24 11:33:18', '2018-02-09 02:20:06', NULL),
(145, 1, 7, 'Soklin cair 25ml', 'SABUN CUCI', '500', '-25', '2018-01-24 11:34:46', '2018-02-13 10:50:20', NULL),
(146, 1, 3, 'LUCO 35 P', 'PLASTIK', '15000', '1', '2018-01-25 08:31:47', '2018-01-25 08:31:47', NULL),
(147, 1, 3, 'LUCO 40 P', 'PLASTIK', '17000', '0', '2018-01-25 08:32:51', '2018-01-25 08:32:51', NULL),
(148, 1, 3, 'ACPI 28 P', 'PLASTIK', '8000', '1', '2018-01-25 08:34:27', '2018-01-25 08:34:27', NULL),
(149, 1, 3, 'ACPI 15 P', 'PLASTIK', '5000', '0', '2018-01-25 08:35:14', '2018-01-25 08:35:14', NULL),
(150, 1, 3, 'HD SAMPAH', 'PLASTIK', '12000', '0', '2018-01-25 08:35:57', '2018-01-25 08:35:57', NULL),
(151, 1, 3, 'PP 20 X 40', 'PLASTIK', '8000', '0', '2018-01-25 08:36:49', '2018-01-25 08:36:49', NULL),
(152, 1, 3, 'ACPI 24 P', 'PLASTIK', '5000', '0', '2018-01-25 08:37:26', '2018-01-25 08:37:26', NULL),
(153, 1, 8, 'U MILD', 'ROKOK', '15900', '0', '2018-01-26 08:28:54', '2018-01-26 08:28:54', NULL),
(154, 1, 3, 'GARUDA K.KULIT E1000', 'SUKRO', '8750', '0', '2018-01-26 09:12:54', '2018-01-26 09:12:54', NULL),
(155, 1, 11, 'KOPI ABC MOKA', 'KOPI', '11000', '-4', '2018-01-30 06:04:54', '2018-01-30 06:13:59', NULL),
(156, 1, 7, 'HAPPY NAPY PANT L20', 'PEMPERS', '33800', '-1', '2018-01-31 09:49:19', '2018-02-13 10:34:10', NULL),
(157, 1, 5, 'NESTLE KH BLUE 120GR', 'NESTLE', '8300', '-2', '2018-01-31 09:50:44', '2018-01-31 10:42:03', NULL),
(158, 1, 5, 'NESTLE SOYA FRT 120R', 'NESTLE', '8300', '-2', '2018-01-31 09:51:38', '2018-01-31 10:42:03', NULL),
(159, 1, 5, 'NESTLE CHK ONIN 120', 'NESTLE', '8300', '-2', '2018-01-31 09:52:55', '2018-01-31 10:42:03', NULL),
(160, 1, 5, 'NESTLE BM BLUE 120GR', 'NESTLE', '8300', '-2', '2018-01-31 09:53:44', '2018-01-31 10:42:03', NULL),
(161, 1, 6, 'SO KLIN  LIQ SOFT 800', 'SABUN CAIR', '15700', '-2', '2018-01-31 09:57:22', '2018-01-31 10:42:03', NULL),
(162, 1, 6, 'SO KLIN SOFT P RF450', 'SABUN CAIR', '5800', '0', '2018-01-31 09:58:12', '2018-01-31 09:58:12', NULL),
(163, 1, 6, 'KODOMO PG STRAWB 45G', 'ODOL ANAK', '4600', '-1', '2018-01-31 09:59:24', '2018-01-31 10:42:03', NULL),
(164, 1, 6, 'SERBET TYPE', 'LAP', '4300', '0', '2018-01-31 10:00:25', '2018-01-31 10:00:25', NULL),
(165, 1, 6, 'EKONOMI CR PTH E500K', 'SABUN CUCI', '1900', '-1', '2018-01-31 10:01:06', '2018-01-31 10:42:03', NULL),
(166, 1, 6, 'POLYTEX SIAINLES B', 'GOSOKAN', '4500', '0', '2018-01-31 10:02:16', '2018-01-31 10:02:16', NULL),
(167, 1, 6, 'KONICARE M TELON 60M', 'MINYAK TELON', '18700', '-1', '2018-01-31 10:03:58', '2018-01-31 10:42:03', NULL),
(168, 1, 6, 'HANDUK GD MRNG TEBEL', 'HANDUK', '8500', '0', '2018-01-31 10:04:37', '2018-01-31 10:04:37', NULL),
(169, 1, 4, 'ROYCO SAPI', 'ROYCO', '20000', '-1', '2018-01-31 10:24:26', '2018-01-31 10:42:03', NULL),
(170, 1, 4, 'ROYCO AYAM', 'ROYCO', '20000', '-2', '2018-01-31 10:25:38', '2018-02-13 05:10:26', NULL),
(171, 3, 1, 'Rinso ant noda800', 'serbuk', '16100', '0', '2018-02-07 07:37:32', '2018-02-09 02:20:06', NULL),
(172, 1, 6, 'Close up green 160g', 'pasta gigi', '13200', '0', '2018-02-07 07:38:33', '2018-02-09 02:20:06', NULL),
(173, 1, 15, 'lifebuoy lmn 250', 'sabun mandi', '13300', '1', '2018-02-07 07:40:04', '2018-02-07 07:40:04', NULL),
(174, 1, 6, 'rejoice black170', 'shampoo', '19900', '0', '2018-02-07 07:40:58', '2018-02-09 02:20:06', NULL),
(175, 1, 6, 'pepsodent hrbl190', 'pasta gigi', '14500', '1', '2018-02-07 07:41:58', '2018-02-07 07:41:58', NULL),
(176, 4, 3, 'Kwaci', 'makanan', '9500', '1', '2018-02-07 08:30:29', '2018-02-07 08:30:29', NULL),
(177, 5, 11, 'Bengbeng drink', 'kopi', '3000', '1', '2018-02-07 08:33:43', '2018-02-07 08:33:43', NULL),
(178, 5, 11, 'Chocolatos drink', 'kopi', '2500', '0', '2018-02-07 08:34:25', '2018-02-13 05:10:26', NULL),
(179, 2, 16, 'Kecap manis ABC btl', 'SEMBAKO', '5500', '2', '2018-02-07 08:44:11', '2018-02-07 08:44:11', NULL),
(180, 5, 7, 'wedang jahe', 'MINUMAN', '1500', '-1', '2018-02-09 18:40:48', '2018-02-13 05:10:26', NULL),
(181, 6, 5, 'antangin', 'obat obatan', '22500', '0', '2018-02-09 18:44:06', '2018-02-09 18:44:06', NULL),
(182, 6, 5, 'antangin', 'obat obatan', '22500', '-3', '2018-02-09 18:44:06', '2018-02-13 05:10:26', NULL),
(183, 6, 16, 'minyak kayu putih', 'obat obatan', '10000', '-1', '2018-02-09 18:45:15', '2018-02-13 05:10:26', NULL),
(184, 2, 10, 'fortune 2ltr', 'MINYAK GORENG', '26000', '0', '2018-02-09 18:59:28', '2018-02-09 18:59:28', NULL),
(185, 3, 15, 'soklin rfl 400', 'liquid', '9000', '1', '2018-02-09 19:04:05', '2018-02-09 19:04:05', NULL),
(186, 7, 3, 'FITTI DAYPANT L24', 'POPOK BAYI', '45900', '-1', '2018-02-13 09:53:33', '2018-02-13 10:03:03', NULL);

-- --------------------------------------------------------

--
-- Table structure for table `product_categories`
--

CREATE TABLE `product_categories` (
  `id` int(11) NOT NULL,
  `parent_id` int(11) DEFAULT NULL,
  `name` varchar(45) DEFAULT NULL,
  `created_at` timestamp NULL DEFAULT NULL,
  `updated_at` timestamp NULL DEFAULT NULL,
  `deleted_at` datetime DEFAULT NULL
) ENGINE=InnoDB DEFAULT CHARSET=utf8;

--
-- Dumping data for table `product_categories`
--

INSERT INTO `product_categories` (`id`, `parent_id`, `name`, `created_at`, `updated_at`, `deleted_at`) VALUES
(1, NULL, 'asdfsdf', '2017-11-17 02:27:05', '2017-11-17 02:27:05', NULL),
(2, NULL, 'SEMBAKO', '2018-01-11 23:37:15', '2018-01-11 23:37:15', NULL),
(3, NULL, 'deterjen', '2018-02-07 07:36:09', '2018-02-07 07:36:09', NULL),
(4, NULL, 'cemilan', '2018-02-07 08:29:20', '2018-02-07 08:29:20', NULL),
(5, NULL, 'Minuman', '2018-02-07 08:32:29', '2018-02-07 08:32:29', NULL),
(6, NULL, 'obat', '2018-02-09 18:42:12', '2018-02-09 18:42:12', NULL),
(7, NULL, 'PAMPERS', '2018-02-13 09:52:35', '2018-02-13 09:52:35', NULL),
(8, NULL, 'SUSU ANAK', '2018-02-13 09:54:16', '2018-02-13 09:54:16', NULL),
(9, NULL, 'SUSU KENTAL MANIS', '2018-02-13 09:54:33', '2018-02-13 09:54:33', NULL);

-- --------------------------------------------------------

--
-- Table structure for table `product_images`
--

CREATE TABLE `product_images` (
  `id` int(11) NOT NULL,
  `product_id` int(11) NOT NULL,
  `name` varchar(45) DEFAULT NULL,
  `picture` varchar(255) DEFAULT NULL,
  `created_at` timestamp NULL DEFAULT NULL,
  `updated_at` timestamp NULL DEFAULT NULL,
  `deleted_at` datetime DEFAULT NULL
) ENGINE=InnoDB DEFAULT CHARSET=utf8;

-- --------------------------------------------------------

--
-- Table structure for table `purchases`
--

CREATE TABLE `purchases` (
  `id` int(11) NOT NULL,
  `supplier_id` int(11) NOT NULL,
  `number_invoice` varchar(45) DEFAULT NULL,
  `purchase_date` varchar(45) DEFAULT NULL,
  `purchase_address` varchar(45) DEFAULT NULL,
  `created_at` timestamp NULL DEFAULT NULL,
  `updated_at` timestamp NULL DEFAULT NULL,
  `deleted_at` datetime DEFAULT NULL
) ENGINE=InnoDB DEFAULT CHARSET=utf8;

--
-- Dumping data for table `purchases`
--

INSERT INTO `purchases` (`id`, `supplier_id`, `number_invoice`, `purchase_date`, `purchase_address`, `created_at`, `updated_at`, `deleted_at`) VALUES
(3, 2, '-', '2017-11-30', 'Jl. Suryakencana NO. 136', '2017-12-30 20:04:19', '2017-12-30 20:04:19', NULL),
(7, 1, 'telur 1 peti', '2017-11-30', 'jl. raya wangun', '2017-12-30 21:34:04', '2017-12-30 21:34:04', NULL),
(9, 3, '01.522.753.1-405.000', '2017-12-28', 'JL.SILIWANGI NO.147', '2018-01-04 00:01:33', '2018-01-04 00:01:33', NULL),
(11, 3, '01.522.753.1-405.000', '2017-12-28', 'JL. SILIWANGI NO.147', '2018-01-04 00:16:58', '2018-01-04 00:16:58', NULL),
(13, 4, '0', '2018-01-08', 'JL TAJUR BOGOR JAWA  BARAT', '2018-01-08 01:09:16', '2018-01-08 01:09:16', NULL),
(16, 2, '00', '2018-01-09', 'JL. SURYAKENCANA NO.136', '2018-01-11 20:31:58', '2018-01-11 20:31:58', NULL),
(18, 1, '18010865', '2018-01-09', 'JL RAYA WANGUN BOGOR TIMUR JAWA BARAT', '2018-01-12 00:46:03', '2018-01-12 00:46:03', NULL),
(19, 1, '18010639', '2018-01-06', 'JL RAYA WANGUN BOGOR JAWA BARAT', '2018-01-12 00:56:24', '2018-01-12 00:56:24', NULL),
(20, 5, '1801-0001', '2018-01-06', 'JL WARUNG NANGKA', '2018-01-12 01:00:14', '2018-02-06 04:31:31', NULL),
(21, 2, '0', '2018-01-08', 'JL SURYAKENCANA', '2018-01-12 01:24:25', '2018-01-12 01:24:25', NULL),
(22, 4, '0', '2018-01-10', 'JL SUKASARI', '2018-01-12 01:34:21', '2018-01-12 01:34:21', NULL),
(23, 7, '0', '2018-01-10', 'JL PAJAJRAN', '2018-01-12 01:36:24', '2018-01-12 01:36:24', NULL),
(24, 6, '0', '2018-01-10', 'JL RAYA TAJUR NO 281', '2018-01-12 01:37:48', '2018-01-12 01:37:48', NULL),
(26, 8, '0', '2018-01-13', 'JL SESEUPAN', '2018-01-14 23:54:13', '2018-01-14 23:54:13', NULL),
(27, 8, '0', '2018-01-15', 'JL SEUSEUPAN', '2018-01-14 23:56:08', '2018-01-14 23:56:08', NULL),
(28, 8, '00', '2018-01-22', 'jl banjarwaru seuseupan', '2018-01-22 23:52:36', '2018-01-22 23:52:36', NULL),
(29, 4, '00', '2018-01-17', 'jl raya tajur', '2018-01-22 23:56:02', '2018-01-22 23:56:02', NULL),
(31, 1, '00', '2018-01-17', 'JL RAYA WANGUN', '2018-01-23 00:04:31', '2018-01-23 00:10:47', NULL),
(32, 7, '00', '2018-01-16', 'JL. PAJAJARAN NO 3', '2018-01-23 00:10:20', '2018-01-23 00:10:20', NULL),
(33, 8, '00', '2018-01-25', 'JL BANJARWARU SEUSEUPAN', '2018-01-25 08:11:32', '2018-01-25 08:11:32', NULL),
(34, 2, '00', '2018-01-24', 'JL SURYAKENCANA NO.136 BOGOR', '2018-01-25 08:18:53', '2018-01-25 08:18:53', NULL),
(35, 5, '1801-0002', '2018-01-25', 'JL WARUNG NANGKA', '2018-01-25 08:19:58', '2018-02-06 04:32:16', NULL),
(36, 1, '18012078', '2018-01-24', 'JL RAYA WANGUN BOGOR TIMUR JAWA BARAT', '2018-01-25 08:25:21', '2018-01-25 08:25:21', NULL),
(37, 1, '00', '2018-01-24', 'JL RAYA WANGUN', '2018-01-25 08:27:06', '2018-01-25 08:27:06', NULL),
(38, 9, '00', '2018-01-24', 'JL RAYA CIAWI', '2018-01-25 08:57:57', '2018-01-25 08:57:57', NULL),
(39, 3, '00', '2017-12-28', 'JL. SILIWANGI NO. 147', '2018-01-26 08:00:24', '2018-01-26 08:00:24', NULL),
(40, 3, '00', '2017-12-28', 'JL. SILIWANGI NO.147', '2018-01-26 08:18:13', '2018-01-26 08:18:13', NULL),
(42, 1, '18010306', '2018-01-03', 'JL RAYA WANGUN', '2018-01-26 09:16:53', '2018-01-26 09:16:53', NULL),
(43, 1, '00', '2018-01-27', 'JL RAYA WANGUN', '2018-01-30 06:21:53', '2018-01-30 06:21:53', NULL),
(44, 1, '00', '2018-01-30', 'JL RAYA WANGUN', '2018-01-30 06:28:10', '2018-01-30 06:28:10', NULL),
(45, 8, '00', '2018-01-29', 'JL BANJARWARU SEUSEUPAN', '2018-01-30 06:29:58', '2018-01-30 06:29:58', NULL),
(46, 2, '00', '2018-01-31', 'JL SURYAKENCANA NO. 136', '2018-01-31 10:08:41', '2018-01-31 10:08:41', NULL),
(47, 8, '00', '2018-01-27', 'JL BANJARWARU SEUSEUPAN', '2018-02-01 05:46:43', '2018-02-01 05:46:43', NULL),
(48, 8, '1234', '2018-02-03', 'banjarwaru', '2018-02-03 07:12:02', '2018-02-03 07:12:02', NULL),
(49, 1, '1802-0295', '2018-02-03', 'jl raya wangun bogor', '2018-02-03 07:14:30', '2018-02-03 07:14:30', NULL),
(50, 1, '1802-0295', '2018-02-03', 'jl raya wangun bogor', '2018-02-03 07:17:29', '2018-02-03 07:17:29', NULL),
(51, 5, '1802-0003', '2018-02-03', 'jl raya sukabumi warung nangka', '2018-02-03 07:20:17', '2018-02-06 04:33:12', NULL),
(52, 10, '00119', '2018-02-03', 'jl raya tajur muarasari', '2018-02-03 07:29:32', '2018-02-03 07:29:32', NULL),
(53, 10, '00119', '2018-02-03', 'jl raya tajur', '2018-02-03 07:32:30', '2018-02-03 07:32:30', NULL),
(54, 8, '00', '2018-02-05', 'JL BANJARWAR SEUSEUPAN', '2018-02-05 12:16:58', '2018-02-05 12:16:58', NULL),
(55, 8, '00', '2018-02-05', 'JL BANJARWAR SEUSEUPAN', '2018-02-05 12:16:58', '2018-02-05 12:16:58', NULL),
(56, 5, '1802-0004', '2018-02-06', 'warung nangka', '2018-02-06 04:28:53', '2018-02-06 04:33:57', NULL),
(58, 11, '18021601', '2018-02-06', 'Jl ceremai ujung bogor', '2018-02-07 08:53:12', '2018-02-07 08:53:12', NULL),
(59, 4, '39979', '2018-02-08', 'JL RAYA TAJUR', '2018-02-08 08:26:38', '2018-02-08 08:26:38', NULL),
(60, 8, '1802-0005', '2018-02-08', 'JL RAYA SEUSEUPAN', '2018-02-08 08:28:23', '2018-02-08 08:28:23', NULL),
(61, 1, '00', '2018-02-23', 'jl raya wangun', '2018-03-05 07:19:15', '2018-03-05 07:19:15', NULL),
(62, 1, '00', '2018-03-01', 'jl. raya wangun', '2018-03-05 07:22:21', '2018-03-05 07:22:21', NULL),
(63, 12, '00', '2018-03-01', 'JL RAYA WANGUN', '2018-03-05 07:25:06', '2018-03-05 07:25:06', NULL),
(64, 1, '00', '2018-03-14', 'JL RAYA WANGUN', '2018-03-15 12:19:21', '2018-03-15 12:19:21', NULL);

-- --------------------------------------------------------

--
-- Table structure for table `purchase_details`
--

CREATE TABLE `purchase_details` (
  `id` int(11) NOT NULL,
  `product_id` int(11) NOT NULL,
  `purchase_id` int(11) NOT NULL,
  `qty` varchar(45) DEFAULT NULL,
  `price` varchar(45) DEFAULT NULL,
  `status` varchar(45) DEFAULT NULL,
  `created_at` timestamp NULL DEFAULT NULL,
  `updated_at` timestamp NULL DEFAULT NULL,
  `deleted_at` datetime DEFAULT NULL
) ENGINE=InnoDB DEFAULT CHARSET=utf8;

--
-- Dumping data for table `purchase_details`
--

INSERT INTO `purchase_details` (`id`, `product_id`, `purchase_id`, `qty`, `price`, `status`, `created_at`, `updated_at`, `deleted_at`) VALUES
(133, 2, 7, '1', '330000', NULL, '2017-12-30 21:34:04', '2017-12-30 21:34:04', NULL),
(295, 16, 3, '1', '5700', NULL, '2018-01-08 01:07:54', '2018-01-08 01:07:54', NULL),
(296, 17, 3, '1', '8000', NULL, '2018-01-08 01:07:55', '2018-01-08 01:07:55', NULL),
(297, 18, 3, '1', '23800', NULL, '2018-01-08 01:07:55', '2018-01-08 01:07:55', NULL),
(298, 5, 3, '1', '71500', NULL, '2018-01-08 01:07:55', '2018-01-08 01:07:55', NULL),
(299, 11, 3, '2', '1500', NULL, '2018-01-08 01:07:55', '2018-01-08 01:07:55', NULL),
(300, 12, 3, '1', '8100', NULL, '2018-01-08 01:07:55', '2018-01-08 01:07:55', NULL),
(301, 13, 3, '1', '33600', NULL, '2018-01-08 01:07:55', '2018-01-08 01:07:55', NULL),
(302, 15, 3, '1', '21500', NULL, '2018-01-08 01:07:55', '2018-01-08 01:07:55', NULL),
(303, 52, 3, '1', '5400', NULL, '2018-01-08 01:07:55', '2018-01-08 01:07:55', NULL),
(305, 77, 13, NULL, '106100', NULL, '2018-01-08 01:29:39', '2018-01-08 01:29:39', NULL),
(306, 78, 13, NULL, '109000', NULL, '2018-01-08 01:29:39', '2018-01-08 01:29:39', NULL),
(307, 79, 13, NULL, '73000', NULL, '2018-01-08 01:29:39', '2018-01-08 01:29:39', NULL),
(308, 80, 13, NULL, '7000', NULL, '2018-01-08 01:29:39', '2018-01-08 01:29:39', NULL),
(309, 81, 13, NULL, '204000', NULL, '2018-01-08 01:29:39', '2018-01-08 01:29:39', NULL),
(310, 75, 13, '5', '26000', NULL, '2018-01-08 01:29:40', '2018-01-08 01:29:40', NULL),
(315, 60, 9, '2', '14780', NULL, '2018-01-08 18:05:59', '2018-01-08 18:05:59', NULL),
(316, 56, 11, '1', '6340', NULL, '2018-01-08 18:06:21', '2018-01-08 18:06:21', NULL),
(317, 57, 11, '1', '6340', NULL, '2018-01-08 18:06:21', '2018-01-08 18:06:21', NULL),
(318, 58, 11, '2', '6440', NULL, '2018-01-08 18:06:21', '2018-01-08 18:06:21', NULL),
(319, 59, 11, '1', '8460', NULL, '2018-01-08 18:06:21', '2018-01-08 18:06:21', NULL),
(320, 61, 11, '1', '8460', NULL, '2018-01-08 18:06:21', '2018-01-08 18:06:21', NULL),
(321, 61, 11, NULL, '8460', NULL, '2018-01-08 18:06:21', '2018-01-08 18:06:21', NULL),
(322, 62, 11, '3', '8585', NULL, '2018-01-08 18:06:21', '2018-01-08 18:06:21', NULL),
(323, 63, 11, '3', '8585', NULL, '2018-01-08 18:06:21', '2018-01-08 18:06:21', NULL),
(324, 64, 11, '1', '25865', NULL, '2018-01-08 18:06:21', '2018-01-08 18:06:21', NULL),
(325, 65, 11, '2', '7150', NULL, '2018-01-08 18:06:21', '2018-01-08 18:06:21', NULL),
(326, 66, 11, '2', '7150', NULL, '2018-01-08 18:06:21', '2018-01-08 18:06:21', NULL),
(327, 15, 11, '1', '26000', NULL, '2018-01-08 18:06:21', '2018-01-08 18:06:21', NULL),
(344, 87, 16, '1', '12000', NULL, '2018-01-11 23:31:21', '2018-01-11 23:31:21', NULL),
(345, 89, 16, '1', '16700', NULL, '2018-01-11 23:31:21', '2018-01-11 23:31:21', NULL),
(346, 90, 16, '1', '17200', NULL, '2018-01-11 23:31:21', '2018-01-11 23:31:21', NULL),
(347, 91, 16, '1', '4700', NULL, '2018-01-11 23:31:21', '2018-01-11 23:31:21', NULL),
(348, 92, 16, '3', '9400', NULL, '2018-01-11 23:31:21', '2018-01-11 23:31:21', NULL),
(349, 88, 16, '1', '4600', NULL, '2018-01-11 23:31:21', '2018-01-11 23:31:21', NULL),
(350, 86, 16, '1', '22300', NULL, '2018-01-11 23:31:21', '2018-01-11 23:31:21', NULL),
(359, 93, 18, '2', '5000', NULL, '2018-01-12 00:46:03', '2018-01-12 00:46:03', NULL),
(360, 94, 18, '2', '9500', NULL, '2018-01-12 00:46:03', '2018-01-12 00:46:03', NULL),
(361, 95, 18, '1', '60000', NULL, '2018-01-12 00:46:03', '2018-01-12 00:46:03', NULL),
(362, 96, 18, '5', '5000', NULL, '2018-01-12 00:46:03', '2018-01-12 00:46:03', NULL),
(363, 97, 18, '4', '14500', NULL, '2018-01-12 00:46:03', '2018-01-12 00:46:03', NULL),
(364, 98, 18, '1', '11000', NULL, '2018-01-12 00:46:03', '2018-01-12 00:46:03', NULL),
(365, 99, 18, '6', '6000', NULL, '2018-01-12 00:46:03', '2018-01-12 00:46:03', NULL),
(366, 100, 18, '5', '7300', NULL, '2018-01-12 00:46:03', '2018-01-12 00:46:03', NULL),
(367, 101, 18, '12', '2375', NULL, '2018-01-12 00:46:03', '2018-01-12 00:46:03', NULL),
(368, 73, 19, '2', '17.500', NULL, '2018-01-12 00:56:24', '2018-01-12 00:56:24', NULL),
(369, 74, 19, '2', '18.000', NULL, '2018-01-12 00:56:24', '2018-01-12 00:56:24', NULL),
(370, 76, 19, '1', '137500', NULL, '2018-01-12 00:56:24', '2018-01-12 00:56:24', NULL),
(371, 75, 19, '1', '26500', NULL, '2018-01-12 00:56:24', '2018-01-12 00:56:24', NULL),
(372, 51, 19, '3', '14000', NULL, '2018-01-12 00:56:24', '2018-01-12 00:56:24', NULL),
(374, 103, 21, '1', '14200', NULL, '2018-01-12 01:24:25', '2018-01-12 01:24:25', NULL),
(375, 104, 21, '1', '27000', NULL, '2018-01-12 01:24:25', '2018-01-12 01:24:25', NULL),
(376, 105, 21, '1', '9450', NULL, '2018-01-12 01:24:25', '2018-01-12 01:24:25', NULL),
(377, 106, 22, '25', '9950', NULL, '2018-01-12 01:34:21', '2018-01-12 01:34:21', NULL),
(378, 107, 23, '2', '16300', NULL, '2018-01-12 01:36:24', '2018-01-12 01:36:24', NULL),
(379, 109, 23, '1', '11500', NULL, '2018-01-12 01:36:24', '2018-01-12 01:36:24', NULL),
(380, 108, 23, '3', '4800', NULL, '2018-01-12 01:36:24', '2018-01-12 01:36:24', NULL),
(381, 110, 24, '1', '78500', NULL, '2018-01-12 01:37:48', '2018-01-12 01:37:48', NULL),
(383, 2, 26, '3', '320000', NULL, '2018-01-14 23:54:13', '2018-01-14 23:54:13', NULL),
(384, 111, 26, '2', '4000', NULL, '2018-01-14 23:54:13', '2018-01-14 23:54:13', NULL),
(385, 2, 27, '1', '292500', NULL, '2018-01-14 23:56:08', '2018-01-14 23:56:08', NULL),
(386, 111, 27, '1', '2500', NULL, '2018-01-14 23:56:08', '2018-01-14 23:56:08', NULL),
(387, 4, 28, '1', '300000', NULL, '2018-01-22 23:52:36', '2018-01-22 23:52:36', NULL),
(393, 36, 29, '2', '138300', NULL, '2018-01-22 23:58:43', '2018-01-22 23:58:43', NULL),
(394, 112, 29, '1', '620000', NULL, '2018-01-22 23:58:43', '2018-01-22 23:58:43', NULL),
(395, 75, 29, '5', '26000', NULL, '2018-01-22 23:58:43', '2018-01-22 23:58:43', NULL),
(399, 116, 32, '2', '21000', NULL, '2018-01-23 00:10:20', '2018-01-23 00:10:20', NULL),
(400, 117, 32, '1', '23900', NULL, '2018-01-23 00:10:20', '2018-01-23 00:10:20', NULL),
(402, 113, 31, '2', '153000', NULL, '2018-01-23 00:10:47', '2018-01-23 00:10:47', NULL),
(403, 37, 31, '5', '19700', NULL, '2018-01-23 00:10:47', '2018-01-23 00:10:47', NULL),
(404, 114, 31, '5', '15300', NULL, '2018-01-23 00:10:47', '2018-01-23 00:10:47', NULL),
(405, 4, 33, '1', '295000', NULL, '2018-01-25 08:11:32', '2018-01-25 08:11:32', NULL),
(406, 120, 34, '1', '60900', NULL, '2018-01-25 08:18:54', '2018-01-25 08:18:54', NULL),
(407, 121, 34, '1', '17100', NULL, '2018-01-25 08:18:54', '2018-01-25 08:18:54', NULL),
(408, 122, 34, '2', '4600', NULL, '2018-01-25 08:18:54', '2018-01-25 08:18:54', NULL),
(409, 123, 34, '1', '5000', NULL, '2018-01-25 08:18:54', '2018-01-25 08:18:54', NULL),
(410, 124, 34, '1', '22300', NULL, '2018-01-25 08:18:54', '2018-01-25 08:18:54', NULL),
(411, 125, 34, '1', '22300', NULL, '2018-01-25 08:18:54', '2018-01-25 08:18:54', NULL),
(412, 126, 34, '1', '25400', NULL, '2018-01-25 08:18:54', '2018-01-25 08:18:54', NULL),
(413, 103, 34, '1', '14200', NULL, '2018-01-25 08:18:54', '2018-01-25 08:18:54', NULL),
(414, 127, 34, '1', '14200', NULL, '2018-01-25 08:18:54', '2018-01-25 08:18:54', NULL),
(415, 128, 34, '1', '22300', NULL, '2018-01-25 08:18:54', '2018-01-25 08:18:54', NULL),
(416, 129, 34, '1', '5000', NULL, '2018-01-25 08:18:54', '2018-01-25 08:18:54', NULL),
(417, 130, 34, '1', '14500', NULL, '2018-01-25 08:18:54', '2018-01-25 08:18:54', NULL),
(418, 131, 34, '1', '21000', NULL, '2018-01-25 08:18:54', '2018-01-25 08:18:54', NULL),
(419, 132, 34, '5', '1900', NULL, '2018-01-25 08:18:54', '2018-01-25 08:18:54', NULL),
(420, 133, 34, '2', '10800', NULL, '2018-01-25 08:18:54', '2018-01-25 08:18:54', NULL),
(422, 119, 36, '1', '79500', NULL, '2018-01-25 08:25:21', '2018-01-25 08:25:21', NULL),
(423, 85, 36, '1', '118000', NULL, '2018-01-25 08:25:21', '2018-01-25 08:25:21', NULL),
(424, 118, 36, '1', '9750', NULL, '2018-01-25 08:25:21', '2018-01-25 08:25:21', NULL),
(425, 34, 36, '1', '10500', NULL, '2018-01-25 08:25:21', '2018-01-25 08:25:21', NULL),
(426, 136, 36, '2', '9500', NULL, '2018-01-25 08:25:21', '2018-01-25 08:25:21', NULL),
(427, 137, 36, '2', '5000', NULL, '2018-01-25 08:25:21', '2018-01-25 08:25:21', NULL),
(428, 94, 36, '2', '9500', NULL, '2018-01-25 08:25:21', '2018-01-25 08:25:21', NULL),
(429, 47, 36, '1', '92000', NULL, '2018-01-25 08:25:21', '2018-01-25 08:25:21', NULL),
(430, 143, 37, '2', '16000', NULL, '2018-01-25 08:27:06', '2018-01-25 08:27:06', NULL),
(431, 146, 38, '2', '15000', NULL, '2018-01-25 08:57:57', '2018-01-25 08:57:57', NULL),
(432, 147, 38, '1', '17000', NULL, '2018-01-25 08:57:57', '2018-01-25 08:57:57', NULL),
(433, 148, 38, '2', '8000', NULL, '2018-01-25 08:57:57', '2018-01-25 08:57:57', NULL),
(434, 149, 38, '1', '5000', NULL, '2018-01-25 08:57:57', '2018-01-25 08:57:57', NULL),
(435, 150, 38, '1', '12000', NULL, '2018-01-25 08:57:57', '2018-01-25 08:57:57', NULL),
(436, 151, 38, '2', '8000', NULL, '2018-01-25 08:57:57', '2018-01-25 08:57:57', NULL),
(437, 152, 38, '1', '5000', NULL, '2018-01-25 08:57:57', '2018-01-25 08:57:57', NULL),
(438, 60, 39, '2', '14780', NULL, '2018-01-26 08:00:24', '2018-01-26 08:00:24', NULL),
(439, 56, 40, '1', '6340', NULL, '2018-01-26 08:18:13', '2018-01-26 08:18:13', NULL),
(440, 57, 40, '1', '6340', NULL, '2018-01-26 08:18:13', '2018-01-26 08:18:13', NULL),
(441, 58, 40, '2', '6440', NULL, '2018-01-26 08:18:13', '2018-01-26 08:18:13', NULL),
(442, 59, 40, '1', '8460', NULL, '2018-01-26 08:18:13', '2018-01-26 08:18:13', NULL),
(443, 61, 40, '1', '8460', NULL, '2018-01-26 08:18:13', '2018-01-26 08:18:13', NULL),
(444, 62, 40, '3', '8585', NULL, '2018-01-26 08:18:13', '2018-01-26 08:18:13', NULL),
(445, 63, 40, '3', '8585', NULL, '2018-01-26 08:18:13', '2018-01-26 08:18:13', NULL),
(446, 64, 40, '1', '25865', NULL, '2018-01-26 08:18:13', '2018-01-26 08:18:13', NULL),
(447, 65, 40, '2', '7150', NULL, '2018-01-26 08:18:13', '2018-01-26 08:18:13', NULL),
(448, 66, 40, '2', '7150', NULL, '2018-01-26 08:18:13', '2018-01-26 08:18:13', NULL),
(449, 67, 40, '1', '22820', NULL, '2018-01-26 08:18:13', '2018-01-26 08:18:13', NULL),
(450, 45, 40, '2', '25770', NULL, '2018-01-26 08:18:13', '2018-01-26 08:18:13', NULL),
(451, 68, 40, '2', '16265', NULL, '2018-01-26 08:18:13', '2018-01-26 08:18:13', NULL),
(452, 70, 40, '8', '12455', NULL, '2018-01-26 08:18:13', '2018-01-26 08:18:13', NULL),
(453, 69, 40, '6', '12455', NULL, '2018-01-26 08:18:13', '2018-01-26 08:18:13', NULL),
(454, 50, 40, '5', '4590', NULL, '2018-01-26 08:18:13', '2018-01-26 08:18:13', NULL),
(455, 47, 40, '1', '9015', NULL, '2018-01-26 08:18:13', '2018-01-26 08:18:13', NULL),
(456, 51, 40, '2', '14615', NULL, '2018-01-26 08:18:13', '2018-01-26 08:18:13', NULL),
(457, 72, 40, '1', '10120', NULL, '2018-01-26 08:18:13', '2018-01-26 08:18:13', NULL),
(458, 96, 40, '1', '9975', NULL, '2018-01-26 08:18:13', '2018-01-26 08:18:13', NULL),
(459, 126, 40, '1', '24260', NULL, '2018-01-26 08:18:13', '2018-01-26 08:18:13', NULL),
(461, 109, 42, '1', '13000', NULL, '2018-01-26 09:16:53', '2018-01-26 09:16:53', NULL),
(462, 153, 42, '2', '15900', NULL, '2018-01-26 09:16:53', '2018-01-26 09:16:53', NULL),
(463, 114, 42, '5', '15300', NULL, '2018-01-26 09:16:53', '2018-01-26 09:16:53', NULL),
(464, 37, 42, '5', '19400', NULL, '2018-01-26 09:16:53', '2018-01-26 09:16:53', NULL),
(465, 61, 42, '2', '8750', NULL, '2018-01-26 09:16:53', '2018-01-26 09:16:53', NULL),
(466, 154, 42, '2', '8750', NULL, '2018-01-26 09:16:53', '2018-01-26 09:16:53', NULL),
(467, 75, 42, '1', '26500', NULL, '2018-01-26 09:16:53', '2018-01-26 09:16:53', NULL),
(468, 100, 43, '5', '7300', NULL, '2018-01-30 06:21:53', '2018-01-30 06:21:53', NULL),
(469, 155, 43, '5', '10000', NULL, '2018-01-30 06:21:53', '2018-01-30 06:21:53', NULL),
(470, 76, 43, '5', '14100', NULL, '2018-01-30 06:21:53', '2018-01-30 06:21:53', NULL),
(471, 41, 43, '5', '14700', NULL, '2018-01-30 06:21:53', '2018-01-30 06:21:53', NULL),
(472, 114, 43, '5', '15300', NULL, '2018-01-30 06:21:53', '2018-01-30 06:21:53', NULL),
(473, 37, 43, '5', '19700', NULL, '2018-01-30 06:21:53', '2018-01-30 06:21:53', NULL),
(474, 21, 44, '1', '79500', NULL, '2018-01-30 06:28:10', '2018-01-30 06:28:10', NULL),
(475, 2, 45, '2', '290000', NULL, '2018-01-30 06:29:58', '2018-01-30 06:29:58', NULL),
(476, 156, 46, '1', '33800', NULL, '2018-01-31 10:08:41', '2018-01-31 10:08:41', NULL),
(477, 157, 46, '2', '8300', NULL, '2018-01-31 10:08:41', '2018-01-31 10:08:41', NULL),
(478, 158, 46, '2', '8300', NULL, '2018-01-31 10:08:41', '2018-01-31 10:08:41', NULL),
(479, 159, 46, '2', '8300', NULL, '2018-01-31 10:08:41', '2018-01-31 10:08:41', NULL),
(480, 160, 46, '2', '8300', NULL, '2018-01-31 10:08:41', '2018-01-31 10:08:41', NULL),
(481, 161, 46, '2', '15700', NULL, '2018-01-31 10:08:41', '2018-01-31 10:08:41', NULL),
(482, 162, 46, '2', '5800', NULL, '2018-01-31 10:08:41', '2018-01-31 10:08:41', NULL),
(483, 163, 46, '1', '4600', NULL, '2018-01-31 10:08:41', '2018-01-31 10:08:41', NULL),
(484, 164, 46, '1', '4300', NULL, '2018-01-31 10:08:41', '2018-01-31 10:08:41', NULL),
(485, 165, 46, '5', '1900', NULL, '2018-01-31 10:08:42', '2018-01-31 10:08:42', NULL),
(486, 166, 46, '1', '4500', NULL, '2018-01-31 10:08:42', '2018-01-31 10:08:42', NULL),
(487, 167, 46, '1', '18700', NULL, '2018-01-31 10:08:42', '2018-01-31 10:08:42', NULL),
(488, 168, 46, '1', '8500', NULL, '2018-01-31 10:08:42', '2018-01-31 10:08:42', NULL),
(489, 2, 47, '2', '290000', NULL, '2018-02-01 05:46:44', '2018-02-01 05:46:44', NULL),
(490, 111, 47, '2', '4000', NULL, '2018-02-01 05:46:44', '2018-02-01 05:46:44', NULL),
(491, 2, 48, '1', '290000', NULL, '2018-02-03 07:12:02', '2018-02-03 07:12:02', NULL),
(492, 100, 49, '5', '7300', NULL, '2018-02-03 07:14:30', '2018-02-03 07:14:30', NULL),
(493, 100, 50, '5', '7300', NULL, '2018-02-03 07:17:29', '2018-02-03 07:17:29', NULL),
(494, 109, 50, '5', '13000', NULL, '2018-02-03 07:17:29', '2018-02-03 07:17:29', NULL),
(496, 45, 52, '1', '27990', NULL, '2018-02-03 07:29:32', '2018-02-03 07:29:32', NULL),
(497, 135, 52, '2', '22500', NULL, '2018-02-03 07:29:32', '2018-02-03 07:29:32', NULL),
(498, 116, 52, '2', '16500', NULL, '2018-02-03 07:29:33', '2018-02-03 07:29:33', NULL),
(499, 116, 53, '2', '16500', NULL, '2018-02-03 07:32:30', '2018-02-03 07:32:30', NULL),
(500, 45, 53, '1', '27990', NULL, '2018-02-03 07:32:30', '2018-02-03 07:32:30', NULL),
(501, 135, 53, '2', '22500', NULL, '2018-02-03 07:32:30', '2018-02-03 07:32:30', NULL),
(502, 2, 54, '1', '290000', NULL, '2018-02-05 12:16:58', '2018-02-05 12:16:58', NULL),
(503, 2, 55, '1', '290000', NULL, '2018-02-05 12:16:58', '2018-02-05 12:16:58', NULL),
(505, 102, 20, '1', '555000', NULL, '2018-02-06 04:31:31', '2018-02-06 04:31:31', NULL),
(506, 102, 35, '1', '630000', NULL, '2018-02-06 04:32:16', '2018-02-06 04:32:16', NULL),
(507, 102, 51, '65', '10500', NULL, '2018-02-06 04:33:12', '2018-02-06 04:33:12', NULL),
(508, 102, 56, '1', '310000', NULL, '2018-02-06 04:33:57', '2018-02-06 04:33:57', NULL),
(515, 51, 58, '2', '13500', NULL, '2018-02-07 08:53:12', '2018-02-07 08:53:12', NULL),
(516, 107, 58, '1', '16000', NULL, '2018-02-07 08:53:12', '2018-02-07 08:53:12', NULL),
(517, 18, 58, '1', '24000', NULL, '2018-02-07 08:53:12', '2018-02-07 08:53:12', NULL),
(518, 177, 58, '1', '17000', NULL, '2018-02-07 08:53:12', '2018-02-07 08:53:12', NULL),
(519, 178, 58, '1', '17000', NULL, '2018-02-07 08:53:12', '2018-02-07 08:53:12', NULL),
(520, 179, 58, '2', '5500', NULL, '2018-02-07 08:53:12', '2018-02-07 08:53:12', NULL),
(521, 99, 58, '3', '5500', NULL, '2018-02-07 08:53:12', '2018-02-07 08:53:12', NULL),
(522, 39, 58, '3', '16200', NULL, '2018-02-07 08:53:12', '2018-02-07 08:53:12', NULL),
(523, 114, 58, '3', '15400', NULL, '2018-02-07 08:53:12', '2018-02-07 08:53:12', NULL),
(524, 37, 58, '5', '19700', NULL, '2018-02-07 08:53:12', '2018-02-07 08:53:12', NULL),
(525, 41, 58, '3', '14800', NULL, '2018-02-07 08:53:12', '2018-02-07 08:53:12', NULL),
(526, 31, 58, '2', '9000', NULL, '2018-02-07 08:53:12', '2018-02-07 08:53:12', NULL),
(527, 62, 58, '4', '8500', NULL, '2018-02-07 08:53:12', '2018-02-07 08:53:12', NULL),
(528, 176, 58, '2', '9500', NULL, '2018-02-07 08:53:12', '2018-02-07 08:53:12', NULL),
(529, 106, 59, '20', '10000', NULL, '2018-02-08 08:26:38', '2018-02-08 08:26:38', NULL),
(530, 110, 59, '1', '76500', NULL, '2018-02-08 08:26:38', '2018-02-08 08:26:38', NULL),
(531, 10, 59, '1', '85000', NULL, '2018-02-08 08:26:38', '2018-02-08 08:26:38', NULL),
(532, 4, 60, '2', '290000', NULL, '2018-02-08 08:28:23', '2018-02-08 08:28:23', NULL),
(533, 44, 61, '1', '153500', NULL, '2018-03-05 07:19:15', '2018-03-05 07:19:15', NULL),
(534, 110, 61, '1', '77500', NULL, '2018-03-05 07:19:16', '2018-03-05 07:19:16', NULL),
(535, 10, 62, '1', '86000', NULL, '2018-03-05 07:22:21', '2018-03-05 07:22:21', NULL),
(536, 19, 62, '1', '87000', NULL, '2018-03-05 07:22:21', '2018-03-05 07:22:21', NULL),
(537, 85, 62, '1', '117500', NULL, '2018-03-05 07:22:21', '2018-03-05 07:22:21', NULL),
(538, 2, 63, '1', '303000', NULL, '2018-03-05 07:25:06', '2018-03-05 07:25:06', NULL),
(539, 10, 64, '1', '86500', NULL, '2018-03-15 12:19:21', '2018-03-15 12:19:21', NULL),
(540, 109, 64, '2', '13000', NULL, '2018-03-15 12:19:21', '2018-03-15 12:19:21', NULL);

-- --------------------------------------------------------

--
-- Table structure for table `roles`
--

CREATE TABLE `roles` (
  `id` int(11) NOT NULL,
  `name` varchar(45) DEFAULT NULL,
  `slug` varchar(45) DEFAULT NULL,
  `created_at` timestamp NULL DEFAULT NULL,
  `updated_at` timestamp NULL DEFAULT NULL,
  `deleted_at` datetime DEFAULT NULL
) ENGINE=InnoDB DEFAULT CHARSET=utf8;

--
-- Dumping data for table `roles`
--

INSERT INTO `roles` (`id`, `name`, `slug`, `created_at`, `updated_at`, `deleted_at`) VALUES
(1, 'Admin', NULL, '2017-11-10 00:22:01', '2017-11-10 00:22:01', NULL);

-- --------------------------------------------------------

--
-- Table structure for table `role_menus`
--

CREATE TABLE `role_menus` (
  `id` int(11) NOT NULL,
  `role_id` int(11) NOT NULL,
  `menu_id` int(11) NOT NULL,
  `created_at` timestamp NULL DEFAULT NULL,
  `updated_at` timestamp NULL DEFAULT NULL,
  `deleted_at` datetime DEFAULT NULL
) ENGINE=InnoDB DEFAULT CHARSET=utf8;

--
-- Dumping data for table `role_menus`
--

INSERT INTO `role_menus` (`id`, `role_id`, `menu_id`, `created_at`, `updated_at`, `deleted_at`) VALUES
(15, 0, 0, NULL, NULL, NULL),
(16, 0, 0, NULL, NULL, NULL),
(17, 0, 0, NULL, NULL, NULL),
(18, 0, 0, NULL, NULL, NULL),
(19, 0, 0, NULL, NULL, NULL),
(62, 1, 2, NULL, NULL, NULL),
(63, 1, 5, NULL, NULL, NULL),
(64, 1, 6, NULL, NULL, NULL),
(65, 1, 7, NULL, NULL, NULL),
(66, 1, 9, NULL, NULL, NULL),
(67, 1, 10, NULL, NULL, NULL),
(68, 1, 11, NULL, NULL, NULL),
(69, 1, 12, NULL, NULL, NULL),
(70, 1, 13, NULL, NULL, NULL),
(71, 1, 4, NULL, NULL, NULL),
(72, 1, 8, NULL, NULL, NULL);

-- --------------------------------------------------------

--
-- Table structure for table `sellers`
--

CREATE TABLE `sellers` (
  `id` int(11) NOT NULL,
  `gallery_id` int(11) NOT NULL,
  `name` varchar(255) DEFAULT NULL,
  `created_at` timestamp NULL DEFAULT NULL,
  `updated_at` timestamp NULL DEFAULT NULL,
  `deleted_at` datetime DEFAULT NULL
) ENGINE=InnoDB DEFAULT CHARSET=utf8;

--
-- Dumping data for table `sellers`
--

INSERT INTO `sellers` (`id`, `gallery_id`, `name`, `created_at`, `updated_at`, `deleted_at`) VALUES
(1, 1, 'Aziz', '2017-11-17 00:29:30', '2017-11-17 00:29:30', NULL),
(2, 1, 'Asep', '2017-12-03 06:01:36', '2017-12-03 06:01:36', NULL);

-- --------------------------------------------------------

--
-- Table structure for table `suppliers`
--

CREATE TABLE `suppliers` (
  `id` int(11) NOT NULL,
  `name` varchar(45) DEFAULT NULL,
  `address` text,
  `created_at` timestamp NULL DEFAULT NULL,
  `updated_at` timestamp NULL DEFAULT NULL,
  `deleted_at` datetime DEFAULT NULL
) ENGINE=InnoDB DEFAULT CHARSET=utf8;

--
-- Dumping data for table `suppliers`
--

INSERT INTO `suppliers` (`id`, `name`, `address`, `created_at`, `updated_at`, `deleted_at`) VALUES
(1, 'Toko Wangun', 'Wangun', '2017-11-10 02:59:13', '2017-12-02 02:25:23', NULL),
(2, 'NGESTI', 'JL SURYA KENCANA NO.136 BOGOR', '2017-12-03 07:27:40', '2017-12-03 07:27:40', NULL),
(3, 'Mitra Toserba', 'Jl. Siliwangi No 147', '2017-12-28 10:49:16', '2017-12-28 10:49:16', NULL),
(4, 'TOKO SUKASARI', 'JL. RAYA TAJUR BOGOR JAWA BARAT', '2018-01-08 01:07:35', '2018-02-08 08:23:12', NULL),
(5, 'HAJI AE', 'JL WARUNG NANGKA', '2018-01-12 00:57:46', '2018-01-12 00:57:46', NULL),
(6, 'TOKO IVAN', 'JL RAYA TAJUR NO 281', '2018-01-12 01:30:47', '2018-01-12 01:30:47', NULL),
(7, 'NGESTI SWALAYAN', 'PAJAJARAN', '2018-01-12 01:32:46', '2018-01-12 01:32:46', NULL),
(8, 'GLOSIR TELOR SEUSEUPAN', 'JL. SEUSEUPAN', '2018-01-14 23:50:39', '2018-01-14 23:50:39', NULL),
(9, 'TOKO PLASTIK CIAWI', 'JL RAYA CIAWI', '2018-01-25 08:29:25', '2018-01-25 08:29:25', NULL),
(10, 'super indo', 'jl raya tajur muarasari', '2018-02-03 07:23:00', '2018-02-03 07:23:00', NULL),
(11, 'Grosir Madura', 'Jl Ceremai Ujung taman kencana bogor', '2018-02-07 08:08:54', '2018-02-07 08:08:54', NULL),
(12, 'GLOSIR TELOR WANGUN', 'JL RAYA WANGUN', '2018-03-05 07:23:17', '2018-03-05 07:23:17', NULL);

-- --------------------------------------------------------

--
-- Table structure for table `units`
--

CREATE TABLE `units` (
  `id` int(11) NOT NULL,
  `name` varchar(45) DEFAULT NULL,
  `created_at` timestamp NULL DEFAULT NULL,
  `updated_at` timestamp NULL DEFAULT NULL,
  `deleted_at` datetime DEFAULT NULL
) ENGINE=InnoDB DEFAULT CHARSET=utf8;

--
-- Dumping data for table `units`
--

INSERT INTO `units` (`id`, `name`, `created_at`, `updated_at`, `deleted_at`) VALUES
(1, 'Kg', '2017-11-16 23:11:19', '2018-01-25 04:55:45', NULL),
(2, 'Bal', '2017-12-03 06:12:59', '2017-12-03 06:12:59', NULL),
(3, 'Pak', '2017-12-03 06:13:13', '2017-12-03 06:13:13', NULL),
(4, 'Lbr', '2017-12-03 06:13:45', '2018-01-24 10:16:40', NULL),
(5, 'Dus', '2017-12-03 06:14:01', '2017-12-03 06:14:01', NULL),
(6, 'Bh', '2017-12-03 06:14:21', '2018-01-25 04:56:45', NULL),
(7, 'Pcs', '2017-12-03 06:14:37', '2018-01-24 10:16:03', NULL),
(8, 'Bks', '2017-12-03 06:16:32', '2018-01-25 04:56:25', NULL),
(9, 'Peti', '2017-12-03 06:32:59', '2017-12-03 06:32:59', NULL),
(10, 'Ltr', '2017-12-20 06:32:30', '2018-01-24 10:16:29', NULL),
(11, 'Rcg', '2018-01-04 00:54:32', '2018-01-24 10:15:50', NULL),
(12, 'Klg', '2018-01-08 01:14:24', '2018-01-24 10:17:01', NULL),
(13, 'Lsn', '2018-01-11 23:41:52', '2018-01-24 10:16:19', NULL),
(14, 'Box', '2018-01-12 00:09:35', '2018-01-24 09:15:39', NULL),
(15, 'Pch', '2018-01-24 09:14:10', '2018-01-25 04:56:02', NULL),
(16, 'btl', '2018-02-07 08:42:41', '2018-02-07 08:42:41', NULL);

-- --------------------------------------------------------

--
-- Table structure for table `users`
--

CREATE TABLE `users` (
  `id` int(11) NOT NULL,
  `role_id` int(11) DEFAULT NULL,
  `username` varchar(45) DEFAULT NULL,
  `password` varchar(255) DEFAULT NULL,
  `remember_token` varchar(255) DEFAULT NULL,
  `created_at` timestamp NULL DEFAULT NULL,
  `updated_at` timestamp NULL DEFAULT NULL,
  `deleted_at` datetime DEFAULT NULL
) ENGINE=InnoDB DEFAULT CHARSET=utf8;

--
-- Dumping data for table `users`
--

INSERT INTO `users` (`id`, `role_id`, `username`, `password`, `remember_token`, `created_at`, `updated_at`, `deleted_at`) VALUES
(1, 1, 'lukman', '$2y$10$PIhiSIHui.HqMt88x0fmO.27YeuVTs8aM3PaoAjK2ukwnO/f/D0ti', NULL, '2017-11-10 01:26:19', '2017-11-10 01:26:19', NULL),
(6, NULL, 'risman', 'risman', NULL, '2017-11-17 00:30:05', '2017-11-17 00:30:05', NULL),
(7, NULL, 'lukman', 'lukman', NULL, '2017-12-03 06:01:20', '2017-12-03 06:01:20', NULL),
(8, NULL, 'maulana', 'maulana', NULL, '2017-12-20 01:24:28', '2017-12-20 01:24:28', NULL),
(9, NULL, 'dodi', 'dodi', NULL, '2017-12-20 01:26:28', '2017-12-20 01:26:28', NULL),
(10, NULL, 'herman', 'herman', NULL, '2017-12-20 01:59:44', '2017-12-20 01:59:44', NULL),
(11, NULL, 'baqier', 'baqier', NULL, '2017-12-20 02:01:32', '2017-12-20 02:01:32', NULL),
(12, NULL, 'deni', 'deni', NULL, '2017-12-20 02:07:38', '2017-12-20 02:07:38', NULL),
(13, NULL, 'Risman Faris', NULL, NULL, '2017-12-20 02:08:41', '2017-12-20 02:08:41', NULL),
(14, NULL, 'lukman', NULL, NULL, '2017-12-20 02:09:59', '2017-12-20 02:09:59', NULL),
(15, NULL, 'asep', 'asep', NULL, '2017-12-20 02:12:51', '2017-12-20 02:12:51', NULL),
(16, NULL, 'eve', 'eve', NULL, '2017-12-20 02:15:20', '2017-12-20 02:15:20', NULL),
(17, NULL, 'kiki', 'kiki', NULL, '2017-12-20 02:16:39', '2017-12-20 02:16:39', NULL),
(18, NULL, 'ncep', 'ncep', NULL, '2017-12-20 02:19:02', '2017-12-20 02:19:02', NULL),
(19, NULL, 'lina', 'lina', NULL, '2017-12-20 02:20:28', '2017-12-20 02:20:28', NULL),
(20, NULL, 'heni', 'heni', NULL, '2017-12-20 02:21:49', '2017-12-20 02:21:49', NULL),
(21, NULL, 'uni', 'uni', NULL, '2017-12-20 02:23:48', '2017-12-20 02:23:48', NULL),
(22, NULL, 'julaeha', 'julaeha', NULL, '2017-12-20 02:25:24', '2017-12-20 02:25:24', NULL),
(23, NULL, 'mamung', 'mamung', NULL, '2017-12-20 02:27:41', '2017-12-20 02:27:41', NULL),
(24, NULL, 'kelik', 'kelik', NULL, '2017-12-20 02:29:24', '2017-12-20 02:29:24', NULL),
(25, NULL, 'Sholeh', 'Sholeh', NULL, '2017-12-28 10:46:38', '2017-12-28 10:46:38', NULL),
(26, NULL, 'hermanto', 'herman', NULL, '2017-12-30 10:54:22', '2017-12-30 10:54:22', NULL),
(27, NULL, 'halimi', 'halimi', NULL, '2018-01-08 22:10:54', '2018-01-08 22:10:54', NULL),
(28, NULL, 'kepoh', 'kepoh', NULL, '2018-01-08 22:12:10', '2018-01-08 22:12:10', NULL),
(29, NULL, 'ramadhani', 'ramadhani', NULL, '2018-01-08 22:13:39', '2018-01-08 22:13:39', NULL),
(30, NULL, 'lukman firdaus', NULL, NULL, '2018-01-23 02:15:36', '2018-01-23 02:15:36', NULL),
(31, NULL, 'maulana yusuf', NULL, NULL, '2018-01-23 02:15:55', '2018-01-23 02:15:55', NULL),
(32, NULL, 'dodi kusnadi', NULL, NULL, '2018-01-23 02:16:14', '2018-01-23 02:16:14', NULL),
(33, NULL, 'hermanto', NULL, NULL, '2018-01-23 02:16:30', '2018-01-23 02:16:30', NULL),
(34, NULL, 'muhamad baqier', NULL, NULL, '2018-01-23 02:16:49', '2018-01-23 02:16:49', NULL),
(35, NULL, 'deni apriana', NULL, NULL, '2018-01-23 02:17:08', '2018-01-23 02:17:08', NULL),
(36, NULL, 'asep revan', NULL, NULL, '2018-01-23 02:17:31', '2018-01-23 02:17:31', NULL),
(37, NULL, 'herman eve', NULL, NULL, '2018-01-23 02:17:52', '2018-01-23 02:17:52', NULL),
(38, NULL, 'ahmad suhada', NULL, NULL, '2018-01-23 02:18:08', '2018-01-23 02:18:08', NULL),
(39, NULL, 'ncep', NULL, NULL, '2018-01-23 02:18:23', '2018-01-23 02:18:23', NULL),
(40, NULL, 'TEH HENI', NULL, NULL, '2018-01-24 01:25:46', '2018-01-24 01:25:46', NULL),
(41, NULL, 'SYIFA', NULL, NULL, '2018-01-24 01:27:42', '2018-01-24 01:27:42', NULL),
(42, NULL, 'razies', 'razies', NULL, '2018-01-24 09:23:00', '2018-01-24 09:23:00', NULL),
(43, NULL, 'zami', 'zami', NULL, '2018-01-25 05:21:20', '2018-01-25 05:21:20', NULL),
(44, NULL, 'bilson', 'bilson', NULL, '2018-01-25 05:26:55', '2018-01-25 05:26:55', NULL),
(45, NULL, 'dewi', 'dewi', NULL, '2018-01-25 05:29:16', '2018-01-25 05:29:16', NULL),
(46, NULL, 'yuni', 'yuni', NULL, '2018-01-31 03:36:09', '2018-01-31 03:36:09', NULL),
(47, NULL, 'rudi', 'rudi', NULL, '2018-01-31 03:37:21', '2018-01-31 03:37:21', NULL),
(48, NULL, 'TEH DHANI', '00', NULL, '2018-01-31 03:49:59', '2018-01-31 03:49:59', NULL),
(49, NULL, 'ridwan', 'ridwan', NULL, '2018-02-03 07:37:28', '2018-02-03 07:37:28', NULL),
(50, NULL, 'aden', 'aden', NULL, '2018-02-07 07:28:50', '2018-02-07 07:28:50', NULL),
(51, NULL, 'fransiska', 'fransiska', NULL, '2018-02-08 08:44:53', '2018-02-08 08:44:53', NULL),
(52, NULL, 'fifit', 'fifit', NULL, '2018-02-08 08:54:35', '2018-02-08 08:54:35', NULL),
(53, NULL, 'fransiska', 'fransiska', NULL, '2018-02-09 19:05:20', '2018-02-09 19:05:20', NULL),
(54, NULL, 'umpad', 'umpad', NULL, '2018-02-13 10:47:10', '2018-02-13 10:47:10', NULL);

--
-- Indexes for dumped tables
--

--
-- Indexes for table `customers`
--
ALTER TABLE `customers`
  ADD PRIMARY KEY (`id`),
  ADD KEY `fk_pelanggan_sales1_idx` (`seller_id`),
  ADD KEY `fk_pelanggan_galeri1_idx` (`gallery_id`),
  ADD KEY `fk_customers_users1_idx` (`user_id`);

--
-- Indexes for table `daily_orders`
--
ALTER TABLE `daily_orders`
  ADD PRIMARY KEY (`id`),
  ADD KEY `fk_penjualan_pelanggan1_idx` (`customer_id`),
  ADD KEY `fk_penjualan_sales1_idx` (`seller_id`);

--
-- Indexes for table `daily_order_details`
--
ALTER TABLE `daily_order_details`
  ADD PRIMARY KEY (`id`),
  ADD KEY `fk_penjualan_detail_produk_idx` (`product_id`),
  ADD KEY `fk_penjualan_detail_penjualan1_idx` (`order_id`);

--
-- Indexes for table `galleries`
--
ALTER TABLE `galleries`
  ADD PRIMARY KEY (`id`);

--
-- Indexes for table `installments`
--
ALTER TABLE `installments`
  ADD PRIMARY KEY (`id`);

--
-- Indexes for table `menus`
--
ALTER TABLE `menus`
  ADD PRIMARY KEY (`id`),
  ADD KEY `fk_menus_menus1_idx` (`parent_id`);

--
-- Indexes for table `orders`
--
ALTER TABLE `orders`
  ADD PRIMARY KEY (`id`),
  ADD KEY `fk_penjualan_pelanggan1_idx` (`customer_id`),
  ADD KEY `fk_penjualan_sales1_idx` (`seller_id`);

--
-- Indexes for table `order_details`
--
ALTER TABLE `order_details`
  ADD PRIMARY KEY (`id`),
  ADD KEY `fk_penjualan_detail_produk_idx` (`product_id`),
  ADD KEY `fk_penjualan_detail_penjualan1_idx` (`order_id`);

--
-- Indexes for table `products`
--
ALTER TABLE `products`
  ADD PRIMARY KEY (`id`),
  ADD KEY `fk_produk_kategori_produk1_idx` (`product_category_id`),
  ADD KEY `fk_produk_satuan1_idx` (`unit_id`);

--
-- Indexes for table `product_categories`
--
ALTER TABLE `product_categories`
  ADD PRIMARY KEY (`id`),
  ADD KEY `fk_kategori_produk_kategori_produk1_idx` (`parent_id`);

--
-- Indexes for table `product_images`
--
ALTER TABLE `product_images`
  ADD PRIMARY KEY (`id`),
  ADD KEY `fk_gambar_produk_produk1_idx` (`product_id`);

--
-- Indexes for table `purchases`
--
ALTER TABLE `purchases`
  ADD PRIMARY KEY (`id`),
  ADD KEY `fk_pembelian_supplier1_idx` (`supplier_id`);

--
-- Indexes for table `purchase_details`
--
ALTER TABLE `purchase_details`
  ADD PRIMARY KEY (`id`),
  ADD KEY `fk_penjualan_detail_produk_idx` (`product_id`),
  ADD KEY `fk_pembelian_detail_pembelian1_idx` (`purchase_id`);

--
-- Indexes for table `roles`
--
ALTER TABLE `roles`
  ADD PRIMARY KEY (`id`);

--
-- Indexes for table `role_menus`
--
ALTER TABLE `role_menus`
  ADD PRIMARY KEY (`id`),
  ADD KEY `fk_role_menu_role1_idx` (`role_id`),
  ADD KEY `fk_role_menu_menu1_idx` (`menu_id`);

--
-- Indexes for table `sellers`
--
ALTER TABLE `sellers`
  ADD PRIMARY KEY (`id`),
  ADD KEY `fk_sales_gallerys1_idx` (`gallery_id`);

--
-- Indexes for table `suppliers`
--
ALTER TABLE `suppliers`
  ADD PRIMARY KEY (`id`);

--
-- Indexes for table `units`
--
ALTER TABLE `units`
  ADD PRIMARY KEY (`id`);

--
-- Indexes for table `users`
--
ALTER TABLE `users`
  ADD PRIMARY KEY (`id`),
  ADD KEY `fk_users_roles1_idx` (`role_id`);

--
-- AUTO_INCREMENT for dumped tables
--

--
-- AUTO_INCREMENT for table `customers`
--
ALTER TABLE `customers`
  MODIFY `id` int(11) NOT NULL AUTO_INCREMENT, AUTO_INCREMENT=38;
--
-- AUTO_INCREMENT for table `daily_orders`
--
ALTER TABLE `daily_orders`
  MODIFY `id` int(11) NOT NULL AUTO_INCREMENT;
--
-- AUTO_INCREMENT for table `daily_order_details`
--
ALTER TABLE `daily_order_details`
  MODIFY `id` int(11) NOT NULL AUTO_INCREMENT;
--
-- AUTO_INCREMENT for table `galleries`
--
ALTER TABLE `galleries`
  MODIFY `id` int(11) NOT NULL AUTO_INCREMENT, AUTO_INCREMENT=3;
--
-- AUTO_INCREMENT for table `installments`
--
ALTER TABLE `installments`
  MODIFY `id` int(11) NOT NULL AUTO_INCREMENT, AUTO_INCREMENT=2;
--
-- AUTO_INCREMENT for table `menus`
--
ALTER TABLE `menus`
  MODIFY `id` int(11) NOT NULL AUTO_INCREMENT, AUTO_INCREMENT=14;
--
-- AUTO_INCREMENT for table `orders`
--
ALTER TABLE `orders`
  MODIFY `id` int(11) NOT NULL AUTO_INCREMENT, AUTO_INCREMENT=66;
--
-- AUTO_INCREMENT for table `order_details`
--
ALTER TABLE `order_details`
  MODIFY `id` int(11) NOT NULL AUTO_INCREMENT, AUTO_INCREMENT=633;
--
-- AUTO_INCREMENT for table `products`
--
ALTER TABLE `products`
  MODIFY `id` int(11) NOT NULL AUTO_INCREMENT, AUTO_INCREMENT=187;
--
-- AUTO_INCREMENT for table `product_categories`
--
ALTER TABLE `product_categories`
  MODIFY `id` int(11) NOT NULL AUTO_INCREMENT, AUTO_INCREMENT=10;
--
-- AUTO_INCREMENT for table `product_images`
--
ALTER TABLE `product_images`
  MODIFY `id` int(11) NOT NULL AUTO_INCREMENT;
--
-- AUTO_INCREMENT for table `purchases`
--
ALTER TABLE `purchases`
  MODIFY `id` int(11) NOT NULL AUTO_INCREMENT, AUTO_INCREMENT=65;
--
-- AUTO_INCREMENT for table `purchase_details`
--
ALTER TABLE `purchase_details`
  MODIFY `id` int(11) NOT NULL AUTO_INCREMENT, AUTO_INCREMENT=541;
--
-- AUTO_INCREMENT for table `roles`
--
ALTER TABLE `roles`
  MODIFY `id` int(11) NOT NULL AUTO_INCREMENT, AUTO_INCREMENT=2;
--
-- AUTO_INCREMENT for table `role_menus`
--
ALTER TABLE `role_menus`
  MODIFY `id` int(11) NOT NULL AUTO_INCREMENT, AUTO_INCREMENT=73;
--
-- AUTO_INCREMENT for table `sellers`
--
ALTER TABLE `sellers`
  MODIFY `id` int(11) NOT NULL AUTO_INCREMENT, AUTO_INCREMENT=3;
--
-- AUTO_INCREMENT for table `suppliers`
--
ALTER TABLE `suppliers`
  MODIFY `id` int(11) NOT NULL AUTO_INCREMENT, AUTO_INCREMENT=13;
--
-- AUTO_INCREMENT for table `units`
--
ALTER TABLE `units`
  MODIFY `id` int(11) NOT NULL AUTO_INCREMENT, AUTO_INCREMENT=17;
--
-- AUTO_INCREMENT for table `users`
--
ALTER TABLE `users`
  MODIFY `id` int(11) NOT NULL AUTO_INCREMENT, AUTO_INCREMENT=55;
--
-- Constraints for dumped tables
--

--
-- Constraints for table `customers`
--
ALTER TABLE `customers`
  ADD CONSTRAINT `fk_customers_users1` FOREIGN KEY (`user_id`) REFERENCES `users` (`id`) ON DELETE NO ACTION ON UPDATE NO ACTION,
  ADD CONSTRAINT `fk_pelanggan_galeri1` FOREIGN KEY (`gallery_id`) REFERENCES `galleries` (`id`) ON DELETE NO ACTION ON UPDATE NO ACTION,
  ADD CONSTRAINT `fk_pelanggan_sales1` FOREIGN KEY (`seller_id`) REFERENCES `sellers` (`id`) ON DELETE NO ACTION ON UPDATE NO ACTION;

--
-- Constraints for table `menus`
--
ALTER TABLE `menus`
  ADD CONSTRAINT `fk_menus_menus1` FOREIGN KEY (`parent_id`) REFERENCES `menus` (`id`) ON DELETE NO ACTION ON UPDATE NO ACTION;

--
-- Constraints for table `orders`
--
ALTER TABLE `orders`
  ADD CONSTRAINT `fk_penjualan_pelanggan1` FOREIGN KEY (`customer_id`) REFERENCES `customers` (`id`) ON DELETE NO ACTION ON UPDATE NO ACTION,
  ADD CONSTRAINT `fk_penjualan_sales1` FOREIGN KEY (`seller_id`) REFERENCES `sellers` (`id`) ON DELETE NO ACTION ON UPDATE NO ACTION;

--
-- Constraints for table `order_details`
--
ALTER TABLE `order_details`
  ADD CONSTRAINT `fk_penjualan_detail_penjualan1` FOREIGN KEY (`order_id`) REFERENCES `orders` (`id`) ON DELETE NO ACTION ON UPDATE NO ACTION,
  ADD CONSTRAINT `fk_penjualan_detail_produk` FOREIGN KEY (`product_id`) REFERENCES `products` (`id`) ON DELETE NO ACTION ON UPDATE NO ACTION;

--
-- Constraints for table `products`
--
ALTER TABLE `products`
  ADD CONSTRAINT `fk_produk_kategori_produk1` FOREIGN KEY (`product_category_id`) REFERENCES `product_categories` (`id`) ON DELETE NO ACTION ON UPDATE NO ACTION,
  ADD CONSTRAINT `fk_produk_satuan1` FOREIGN KEY (`unit_id`) REFERENCES `units` (`id`) ON DELETE NO ACTION ON UPDATE NO ACTION;

--
-- Constraints for table `product_categories`
--
ALTER TABLE `product_categories`
  ADD CONSTRAINT `fk_kategori_produk_kategori_produk1` FOREIGN KEY (`parent_id`) REFERENCES `product_categories` (`id`) ON DELETE NO ACTION ON UPDATE NO ACTION;

--
-- Constraints for table `product_images`
--
ALTER TABLE `product_images`
  ADD CONSTRAINT `fk_gambar_produk_produk1` FOREIGN KEY (`product_id`) REFERENCES `products` (`id`) ON DELETE NO ACTION ON UPDATE NO ACTION;

--
-- Constraints for table `purchases`
--
ALTER TABLE `purchases`
  ADD CONSTRAINT `fk_pembelian_supplier1` FOREIGN KEY (`supplier_id`) REFERENCES `suppliers` (`id`) ON DELETE CASCADE ON UPDATE CASCADE;

--
-- Constraints for table `purchase_details`
--
ALTER TABLE `purchase_details`
  ADD CONSTRAINT `fk_pembelian_detail_pembelian1` FOREIGN KEY (`purchase_id`) REFERENCES `purchases` (`id`) ON DELETE CASCADE ON UPDATE CASCADE,
  ADD CONSTRAINT `fk_penjualan_detail_produk0` FOREIGN KEY (`product_id`) REFERENCES `products` (`id`) ON DELETE CASCADE ON UPDATE CASCADE;

--
-- Constraints for table `sellers`
--
ALTER TABLE `sellers`
  ADD CONSTRAINT `fk_sales_gallerys1` FOREIGN KEY (`gallery_id`) REFERENCES `galleries` (`id`) ON DELETE NO ACTION ON UPDATE NO ACTION;
COMMIT;

/*!40101 SET CHARACTER_SET_CLIENT=@OLD_CHARACTER_SET_CLIENT */;
/*!40101 SET CHARACTER_SET_RESULTS=@OLD_CHARACTER_SET_RESULTS */;
/*!40101 SET COLLATION_CONNECTION=@OLD_COLLATION_CONNECTION */;
